school_id,school,school_1,School_level,School_name,Location,Matched_district
1,"जनप्रिय प्रा वि, भोजपुर",जनप्रिय प्रावि भोजपुर,प्रावि,जनप्रिय,भोजपुर,भोजपुर
2,छेनखामा प्राथमिक विद्यालय भोजपुर,छेनखामा प्रावि भोजपुर,प्रावि,छेनखामा,भोजपुर,भोजपुर
3,"गोग्राहा माध्यमिक विद्यालय, विराटनगर, मोरङ",गोग्राहा मावि विराटनगर मोरङ,मावि,गोग्राहा,विराटनगर मोरङ,मोरङ
4,"श्री शंकर माध्यमिक विद्यालय, गजरकोट, तनहुँ",श्री शंकर मावि गजरकोट तनहुँँ,मावि,श्री शंकर,गजरकोट तनहुँँ,तनहुँ
5,"जनजागृति माध्यमिक विधालय, तनहुँ",जनजागृति मावि तनहुँँ,मावि,जनजागृति,तनहुँँ,तनहुँ
6,"दाङसिङजरे प्रा वि, भोजपुर",दाङसिङजरे प्रावि भोजपुर,प्रावि,दाङसिङजरे,भोजपुर,भोजपुर
7,"छाङछाहाङ्ग प्राथमिक विधालय, भोजपुर",छाङछाहाङ्ग प्रावि भोजपुर,प्रावि,छाङछाहाङ्ग,भोजपुर,भोजपुर
8,"खेश्वर प्रा वि, भोजपुर",खेश्वर प्रावि भोजपुर,प्रावि,खेश्वर,भोजपुर,भोजपुर
9,"दुर्गेश्वरी प्रा वि, भोजपुर",दुर्गेश्वरी प्रावि भोजपुर,प्रावि,दुर्गेश्वरी,भोजपुर,भोजपुर
10,"पवित्रा माध्यमिक विद्यालय, बन्दिपुर, तनहुँ",पवित्रा मावि बन्दिपुर तनहुँँ,मावि,पवित्रा,बन्दिपुर तनहुँँ,तनहुँ
11,"मित्रता मा बि, तनहु",मित्रता मावि तनहुँ,मावि,मित्रता,तनहुँ,तनहुँ
12,"मित्रता माध्यमिक विद्यालय, आँबुखैरेनी, तनहूँ",मित्रता मावि आँबुखैरेनी तनहुँ,मावि,मित्रता,आँबुखैरेनी तनहुँ,तनहुँ
13,"सालेवा माध्यमिक विद्यालय, देाभाने भोजपुर",सालेवा मावि देाभाने भोजपुर,मावि,सालेवा,देाभाने भोजपुर,भोजपुर
14,जाल्पा निम्न माध्यमिक विधालय भौसिपंखा भोजपुर,जाल्पा निमावि भौसिपंखा भोजपुर,निमावि,जाल्पा,भौसिपंखा भोजपुर,भोजपुर
15,"बालकन्या प्राथमिक विद्यालय, भोजपुर",बालकन्या प्रावि भोजपुर,प्रावि,बालकन्या,भोजपुर,भोजपुर
16,"जाल्पा माध्यमिक विद्यालय, भोजपुर",जाल्पा मावि भोजपुर,मावि,जाल्पा,भोजपुर,भोजपुर
17,"जगदीश्वरी प्रा वि, भोजपुर",जगदीश्वरी प्रावि भोजपुर,प्रावि,जगदीश्वरी,भोजपुर,भोजपुर
18,"पञ्चकन्या माध्यमिक विद्यालय, चितवन",पञ्चकन्या मावि चितवन,मावि,पञ्चकन्या,चितवन,चितवन
19,"वीरेन्द्र आदर्श माध्यमिक विद्यालय, वीरेन्द्रनगर चितवन",वीरेन्द्र आदर्श मावि वीरेन्द्रनगर चितवन,मावि,वीरेन्द्र आदर्श,वीरेन्द्रनगर चितवन,चितवन
20,"चण्डेश्वर माध्यमिक विद्यालय, बालंखा, भोजपुर",चण्डेश्वर मावि बालंखा भोजपुर,मावि,चण्डेश्वर,बालंखा भोजपुर,भोजपुर
21,पञ्चकन्या माध्यमिक विद्यालय भोजपुर,पञ्चकन्या मावि भोजपुर,मावि,पञ्चकन्या,भोजपुर,भोजपुर
22,"छिन्ताङ देवी आधारभूत विद्यालय, भोजपुर",छिन्ताङ देवी आवि भोजपुर,आवि,छिन्ताङ देवी,भोजपुर,भोजपुर
23,"भिमेश्वरी आधारभूत विद्यालय, भोजपुर",भिमेश्वरी आवि भोजपुर,आवि,भिमेश्वरी,भोजपुर,भोजपुर
24,सरस्वती प्राथमिक विधालय टक्सार भोजपुर,सरस्वती प्रावि टक्सार भोजपुर,प्रावि,सरस्वती,टक्सार भोजपुर,भोजपुर
25,"जनज्योती प्रा वि, तनहु",जनज्योती प्रावि तनहुँ,प्रावि,जनज्योती,तनहुँ,तनहुँ
26,"क्यामिनकोट माध्यमिक विद्यालय, तनहूँ",क्यामिनकोट मावि तनहुँ,मावि,क्यामिनकोट,तनहुँ,तनहुँ
27,"भवानी प्राथमिक विद्यालय, व्यास, तनहूँ",भवानी प्रावि व्यास तनहुँ,प्रावि,भवानी,व्यास तनहुँ,तनहुँ
28,"सिद्धेश्वर आधारभूत विद्यालय, गोदावरी, ललितपुर",सिद्धेश्वर आवि गोदावरी ललितपुर,आवि,सिद्धेश्वर,गोदावरी ललितपुर,ललितपुर
29,चण्डी आधारभूत विद्यालय भोजपुर,चण्डी आवि भोजपुर,आवि,चण्डी,भोजपुर,भोजपुर
30,"जालपा आधारभूत विद्यालय -याङ थर्पू, भोजपुर",जालपा आवि याङ थर्पू भोजपुर,आवि,जालपा,याङ थर्पू भोजपुर,भोजपुर
31,"शितलादेवी प्रा वि, भोजपुर",शितलादेवी प्रावि भोजपुर,प्रावि,शितलादेवी,भोजपुर,भोजपुर
32,"सिंह बाहिनी प्राथमिक विद्यालय भोजपुर न॰पा॰, भोजपुर",सिंह बाहिनी प्रावि भोजपुर न पा भोजपुर,प्रावि,सिंह बाहिनी,भोजपुर न पा भोजपुर,भोजपुर
33,"जागृती मा॰वि, भक्तपुर",जागृती मावि भक्तपुर,मावि,जागृती,भक्तपुर,भक्तपुर
34,"निर्मल प्रा वि, तनहु",निर्मल प्रावि तनहुँ,प्रावि,निर्मल,तनहुँ,तनहुँ
35,"अन्नपूर्ण प्राथमिक विद्यालय, तनहुँ",अन्नपूर्ण प्रावि तनहुँँ,प्रावि,अन्नपूर्ण,तनहुँँ,तनहुँ
36,सिंह जलेश्वरी निम्न माध्यमिक विधालय तिवारीभञ्ज्याङ भोजपुर,सिंह जलेश्वरी निमावि तिवारीभञ्ज्याङ भोजपुर,निमावि,सिंह जलेश्वरी,तिवारीभञ्ज्याङ भोजपुर,भोजपुर
37,"साङ्गरुम्बा उ॰ माध्यमिक विधालय, साङ्गरुम्बा -३ इलाम",साङ्गरुम्बा मावि साङ्गरुम्बा इलाम,मावि,साङ्गरुम्बा,साङ्गरुम्बा इलाम,इलाम
38,"जीवनज्योति माध्यमिक विद्यालय, इलाम",जीवनज्योति मावि इलाम,मावि,जीवनज्योति,इलाम,इलाम
39,"सितला देवी प्रा॰वि॰ तिवारी भञ्जाङ, भोजपुर",सितला देवी प्रावि तिवारी भञ्जाङ भोजपुर,प्रावि,सितला देवी,तिवारी भञ्जाङ भोजपुर,भोजपुर
40,"सिंहदेवी आधारभूत विद्यालय, इलाम",सिंहदेवी आवि इलाम,आवि,सिंहदेवी,इलाम,इलाम
41,"विजया आधारभूत विद्यालय आमचोक, इलाम",विजया आवि आमचोक इलाम,आवि,विजया,आमचोक इलाम,इलाम
42,कालिका माध्यमिक विधालय हेलौछा भोजपुर,कालिका मावि हेलौछा भोजपुर,मावि,कालिका,हेलौछा भोजपुर,भोजपुर
43,"आधारभूत विद्यालय कट्टीटोल, लगडी गदियानी, सिरहा",आवि कट्टीटोल लगडी गदियानी सिरहा,आवि,,कट्टीटोल लगडी गदियानी सिरहा,कालीकोट
44,"झारगाउ प्रा वि, तनहु",झारगाउ प्रावि तनहुँ,प्रावि,झारगाउ,तनहुँ,तनहुँ
45,"ज्योति प्रा॰वि, भोजपुर",ज्योति प्रावि भोजपुर,प्रावि,ज्योति,भोजपुर,भोजपुर
46,ज्याति प्राथमिक विधालय ठुलोदम्मा भोजपुर,ज्याति प्रावि ठुलोदम्मा भोजपुर,प्रावि,ज्याति,ठुलोदम्मा भोजपुर,भोजपुर
47,"तिम्मा प्रा॰वि, भोजपुर",तिम्मा प्रावि भोजपुर,प्रावि,तिम्मा,भोजपुर,भोजपुर
48,"पन्च कन्या प्राथमिक विधालय भलजिते, टक्सार-९",पन्च कन्या प्रावि भलजिते टक्सार,प्रावि,पन्च कन्या,भलजिते टक्सार,कास्की
49,"पञ्चकन्या आधारभूत विद्यालय, याकु कट्टी, भोजपुर",पञ्चकन्या आवि याकु कट्टी भोजपुर,आवि,पञ्चकन्या,याकु कट्टी भोजपुर,भोजपुर
50,"वाणी माध्यमिक विद्यालय, सिधराहा, मोरङ",वाणी मावि सिधराहा मोरङ,मावि,वाणी,सिधराहा मोरङ,मोरङ
51,"छिम्केश्वरी प्रा बि, तनहु",छिम्केश्वरी प्रावि तनहुँ,प्रावि,छिम्केश्वरी,तनहुँ,तनहुँ
52,"छिम्केश्वरी नि मा वि, तनहु",छिम्केश्वरी निमावि तनहुँ,निमावि,छिम्केश्वरी,तनहुँ,तनहुँ
53,"राष्टि्य निम्न माध्यमिक विधालय सोयाङ, इलाम",राष्टि्य निमावि सोयाङ इलाम,निमावि,राष्टि्य,सोयाङ इलाम,इलाम
54,"किरांतेश्वर प्रा॰वि॰, इलाम",किरांतेश्वर प्रावि इलाम,प्रावि,किरांतेश्वर,इलाम,इलाम
55,"जलकन्या आधारभूत विद्यालय, फाकफोकथुम गा॰पा॰, इलाम",जलकन्या आवि फाकफोकथुम गा पा इलाम,आवि,जलकन्या,फाकफोकथुम गा पा इलाम,इलाम
56,"आदरणीय निम्न माध्यमिक विधालय, इलाम",आदरणीय निमावि इलाम,निमावि,आदरणीय,इलाम,इलाम
57,"जनकल्याण्ा प्रा॰वि॰दोकानडाँडा, इलाम",जनकल्याण्ा प्रावि दोकानडाँडा इलाम,प्रावि,जनकल्याण्ा,दोकानडाँडा इलाम,इलाम
58,"मिल्लाचोक नि॰ मा॰बी, इलाम",मिल्लाचोक निमावि इलाम,निमावि,मिल्लाचोक,इलाम,इलाम
59,जनकल्याण प्राथमिक विधालय आम्तेक भोजपुर,जनकल्याण प्रावि आम्तेक भोजपुर,प्रावि,जनकल्याण,आम्तेक भोजपुर,भोजपुर
60,"शिक्षाक्षमाकन्या प्रा॰वि, भोजपुर",शिक्षाक्षमाकन्या प्रावि भोजपुर,प्रावि,शिक्षाक्षमाकन्या,भोजपुर,भोजपुर
61,"बालमितेरी माध्यमिक विद्यालय, भोजपुर",बालमितेरी मावि भोजपुर,मावि,बालमितेरी,भोजपुर,भोजपुर
62,"कृष्ण प्राथमिक विद्यालय लेटाङ, मोरङ",कृष्ण प्रावि लेटाङ मोरङ,प्रावि,कृष्ण,लेटाङ मोरङ,मोरङ
63,अकला आधारभूत विद्यालय तनहुँ,अकला आवि तनहुँँ,आवि,अकला,तनहुँँ,तनहुँ
64,"श्री माध्यमिक विद्यालय, लंकू बाह्घरे, चितवन",श्री मावि लंकू बाह्घरे चितवन,मावि,श्री,लंकू बाह्घरे चितवन,चितवन
65,"खार्तन्छा नि॰मा॰वि॰, भोजपुर",खार्तन्छा निमावि भोजपुर,निमावि,खार्तन्छा,भोजपुर,भोजपुर
66,"धापखर्क प्रा वि, भोजपुर",धापखर्क प्रावि भोजपुर,प्रावि,धापखर्क,भोजपुर,भोजपुर
67,"पञ्चकन्या प्राथमिक विद्यालय पौवादुङमा गा॰पा॰, भोजपुर",पञ्चकन्या प्रावि पौवादुङमा गा पा भोजपुर,प्रावि,पञ्चकन्या,पौवादुङमा गा पा भोजपुर,भोजपुर
68,"अमर ज्योती प्राथमिक विद्यालय, क्यामुनडाँडा झिरुबास, तनहुँ",अमर ज्योती प्रावि क्यामुनडाँडा झिरुबास तनहुँँ,प्रावि,अमर ज्योती,क्यामुनडाँडा झिरुबास तनहुँँ,तनहुँ
69,"जन कल्याण आधारभूत विद्यालय, लक्ष्मीपुर -५, इलाम",जन कल्याण आवि लक्ष्मीपुर इलाम,आवि,जन कल्याण,लक्ष्मीपुर इलाम,इलाम
70,"विद्याधरी प्राथमिक विद्यालय रामप्रसादराई गा॰पा॰, भोजपुर",विद्याधरी प्रावि रामप्रसादराई गा पा भोजपुर,प्रावि,विद्याधरी,रामप्रसादराई गा पा भोजपुर,भोजपुर
71,देवीथान माध्यमिक विधालय आम्तेक भोजपुर,देवीथान मावि आम्तेक भोजपुर,मावि,देवीथान,आम्तेक भोजपुर,भोजपुर
72,"अमरज्योति प्राथमिक विद्यालय, शुक्लागन्डकी, तनहुं",अमरज्योति प्रावि शुक्लागन्डकी तनहुँं,प्रावि,अमरज्योति,शुक्लागन्डकी तनहुँं,तनहुँ
73,"वरभन्ज्या नि॰मा॰वि॰, इलाम",वरभन्ज्या निमावि इलाम,निमावि,वरभन्ज्या,इलाम,इलाम
74,"नल देवी प्रा बि, तनहु",नल देवी प्रावि तनहुँ,प्रावि,नल देवी,तनहुँ,तनहुँ
75,"धर्म माध्यमिक विधालय भिमाद, तनहुँ",धर्म मावि भिमाद तनहुँँ,मावि,धर्म,भिमाद तनहुँँ,तनहुँ
76,"मिक्लाचो मा॰वि॰, इलाम",मिक्लाचो मावि इलाम,मावि,मिक्लाचो,इलाम,इलाम
77,"बुद्ध माध्यमिक विद्यालय, इलाम",बुद्ध मावि इलाम,मावि,बुद्ध,इलाम,इलाम
78,"रत्न देवी आधारभूत विद्यालय, गजुरमुखी, ईलाम",रत्न देवी आवि गजुरमुखी ईलाम,आवि,रत्न देवी,गजुरमुखी ईलाम,इलाम
79,"गजुरमुखी आधारभूत विद्यालय, इलाम",गजुरमुखी आवि इलाम,आवि,गजुरमुखी,इलाम,इलाम
80,"जालपा प्राथमिक विद्यालय अरुण, भोजपुर",जालपा प्रावि अरुण भोजपुर,प्रावि,जालपा,अरुण भोजपुर,भोजपुर
81,"सिंहेश्वरी आधारभूत विद्यालय, इलाम",सिंहेश्वरी आवि इलाम,आवि,सिंहेश्वरी,इलाम,इलाम
82,"सिद्धि विनायक प्राथमिक विधालय, सुम्बेक इलाम",सिद्धि विनायक प्रावि सुम्बेक इलाम,प्रावि,सिद्धि विनायक,सुम्बेक इलाम,इलाम
83,"दोभान प्रा॰वि॰, इलाम",दोभान प्रावि इलाम,प्रावि,दोभान,इलाम,इलाम
84,"देवी प्रा॰वि॰, इलाम",देवी प्रावि इलाम,प्रावि,देवी,इलाम,इलाम
85,"इरौंटार आधारभूत विद्यालय रोङ गा॰पा॰, इलाम",इरौंटार आवि रोङ गा पा इलाम,आवि,इरौंटार,रोङ गा पा इलाम,इलाम
86,"विद्या प्रा॰वि॰, इलाम",विद्या प्रावि इलाम,प्रावि,विद्या,इलाम,इलाम
87,"महेश्वरा प्राथमिक विद्यालय, निन्दाखु, साेयाक, इलाम",महेश्वरा प्रावि निन्दाखु साेयाक इलाम,प्रावि,महेश्वरा,निन्दाखु साेयाक इलाम,इलाम
88,"बिक्री प्रा॰ बी ॰, इलाम",विक्री प्रावि इलाम,प्रावि,विक्री,इलाम,इलाम
89,"भगवती माध्यमिक विद्यालय, गोलाखर्क, इलाम",भगवती मावि गोलाखर्क इलाम,मावि,भगवती,गोलाखर्क इलाम,इलाम
90,"देउराली प्रा॰वि॰, जितपुर, इलाम",देउराली प्रावि जितपुर इलाम,प्रावि,देउराली,जितपुर इलाम,इलाम
91,"आदर्श प्रा॰वि॰, फिक्कल, इलाम",आदर्श प्रावि फिक्कल इलाम,प्रावि,आदर्श,फिक्कल इलाम,इलाम
92,"आदर्श माध्यमिक विद्यालय, इलाम",आदर्श मावि इलाम,मावि,आदर्श,इलाम,इलाम
93,"नेपालटार माध्यमिक विद्यालय साखेजुङ, इलाम",नेपालटार मावि साखेजुङ इलाम,मावि,नेपालटार,साखेजुङ इलाम,इलाम
94,"दृपादवी प्रा॰वि॰, इलाम",दृपादवी प्रावि इलाम,प्रावि,दृपादवी,इलाम,इलाम
95,"पशुपति कन्या मन्दिर माध्यमिक विधालय, दोलखा",पशुपति कन्या मन्दिर मावि दोलखा,मावि,पशुपति कन्या मन्दिर,दोलखा,दोलखा
96,"नव ज्योती आधारभूत विद्यालय, इलाम",नव ज्योती आवि इलाम,आवि,नव ज्योती,इलाम,इलाम
97,"भगवती माध्यमिक विद्यालय, इलाम",भगवती मावि इलाम,मावि,भगवती,इलाम,इलाम
98,भगवती उ॰ माध्यमिक विधालय धुसेनी-६ इलाम,भगवती मावि धुसेनी इलाम,मावि,भगवती,धुसेनी इलाम,इलाम
99,"हिमाली माध्यमिक विद्यालय पृथ्वीनगर, झापा",हिमाली मावि पृथ्वीनगर झापा,मावि,हिमाली,पृथ्वीनगर झापा,झापा
100,"महेन्द्र रत्न माध्यमिक विद्यालय, विर्तामोड, झापा",महेन्द्र रत्न मावि विर्तामोड झापा,मावि,महेन्द्र रत्न,विर्तामोड झापा,झापा
101,"कालीका मा बि, तनहु",कालीका मावि तनहुँ,मावि,कालीका,तनहुँ,तनहुँ
102,"सिद्धमहाकाली माध्यमिक विद्यालय, तनहुँ",सिद्धमहाकाली मावि तनहुँँ,मावि,सिद्धमहाकाली,तनहुँँ,तनहुँ
103,"लक्ष्मी नारायण्ा प्रा वि, भोजपुर",लक्ष्मी नारायण्ा प्रावि भोजपुर,प्रावि,लक्ष्मी नारायण्ा,भोजपुर,भोजपुर
104,"रचना प्रा वि, भोजपुर",रचना प्रावि भोजपुर,प्रावि,रचना,भोजपुर,भोजपुर
105,जाल्पा प्राथमिक विधालय सानेदुम्मा भोजपुर,जाल्पा प्रावि सानेदुम्मा भोजपुर,प्रावि,जाल्पा,सानेदुम्मा भोजपुर,भोजपुर
106,कटका माध्यमिक विधालय याङपाङ भोजपुर,कटका मावि याङपाङ भोजपुर,मावि,कटका,याङपाङ भोजपुर,भोजपुर
107,"पारवती मा बि, तनहु",पारवती मावि तनहुँ,मावि,पारवती,तनहुँ,तनहुँ
108,"ज्योति प्रा वि, भोजपुर",ज्योति प्रावि भोजपुर,प्रावि,ज्योति,भोजपुर,भोजपुर
109,सिंहदेवी माध्यमिक विधालय हलौछा भोजपुर ।,सिंहदेवी मावि हलौछा भोजपुर,मावि,सिंहदेवी,हलौछा भोजपुर,भोजपुर
110,"लक्ष्मी उ॰ माध्यमिक विधालय, थुमपोखरा स्याङजा",लक्ष्मी मावि थुमपोखरा स्याङजा,मावि,लक्ष्मी,थुमपोखरा स्याङजा,स्याङ्गजा
111,"आनन्द आधारभूत विद्यालय रातामाटे, मधुवन, बर्दिया",आनन्द आवि रातामाटे मधुवन बर्दिया,आवि,आनन्द,रातामाटे मधुवन बर्दिया,बर्दिया
112,"जयनेपाल प्रा वि, तनहु",जयनेपाल प्रावि तनहुँ,प्रावि,जयनेपाल,तनहुँ,तनहुँ
113,"राष्ट्रिय आधारभूत विद्यालय, तनहुँ",राष्ट्रिय आवि तनहुँँ,आवि,राष्ट्रिय,तनहुँँ,तनहुँ
114,"शंकर माध्यमिक विद्यालय, तनहुँ",शंकर मावि तनहुँँ,मावि,शंकर,तनहुँँ,तनहुँ
115,"जनक माध्यमिक विद्यालय गैंडाकोट, व॰सु॰पूर्व नवलपरासी",जनक मावि गैंडाकोट व सु पूर्व नवलपरासी,मावि,जनक,गैंडाकोट व सु पूर्व नवलपरासी,पूर्व नवलपरासी
116,"सरस्वती आधारभूत विद्यालय भानु न॰पा, तनहुँ",सरस्वती आवि भानु न पा तनहुँँ,आवि,सरस्वती,भानु न पा तनहुँँ,तनहुँ
117,"जिवनज्याेति आधारभूत विद्यालय, भरतपुर, चितवन",जिवनज्याेति आवि भरतपुर चितवन,आवि,जिवनज्याेति,भरतपुर चितवन,चितवन
118,"दुर्गा शेषकान्त अधिकारी माध्यमिक विद्यालय, विजयनगर, चितवन",दुर्गा शेषकान्त अधिकारी मावि विजयनगर चितवन,मावि,दुर्गा शेषकान्त अधिकारी,विजयनगर चितवन,चितवन
119,महेन्द्र ज्योती माध्यमिक विद्यालय तनहुँ,महेन्द्र ज्योती मावि तनहुँँ,मावि,महेन्द्र ज्योती,तनहुँँ,तनहुँ
120,"कृष्ण माध्यमिक विद्यालय घिरिङ, तनहुँ",कृष्ण मावि घिरिङ तनहुँँ,मावि,कृष्ण,घिरिङ तनहुँँ,तनहुँ
121,"गुदी फच्याङ आधारभूत विद्यालय, तनहुँ",गुदी फच्याङ आवि तनहुँँ,आवि,गुदी फच्याङ,तनहुँँ,तनहुँ
122,"माहेन्द्री माध्यमिक विद्यालय व्यास, तनहुँ",माहेन्द्री मावि व्यास तनहुँँ,मावि,माहेन्द्री,व्यास तनहुँँ,तनहुँ
123,"बाराही प्राथमिक विद्यालय ऋषिङ गा॰पा॰, तनहुँ",बाराही प्रावि ऋषिङ गा पा तनहुँँ,प्रावि,बाराही,ऋषिङ गा पा तनहुँँ,तनहुँ
124,"दिपक मा बि, तनहु",दिपक मावि तनहुँ,मावि,दिपक,तनहुँ,तनहुँ
125,कुस्मावती प्राथमिक विद्यालय तनहुँ,कुस्मावती प्रावि तनहुँँ,प्रावि,कुस्मावती,तनहुँँ,तनहुँ
126,"कृष्ण गण्डकी प्राथमिक विद्यालय, बेलस्वाँरा, तनहुँ",कृष्ण गण्डकी प्रावि बेलस्वाँरा तनहुँँ,प्रावि,कृष्ण गण्डकी,बेलस्वाँरा तनहुँँ,तनहुँ
127,"श्री आधारभूत विद्यालय सिसावास, पर्साबजार, चितवन",श्री आवि सिसावास पर्साबजार चितवन,आवि,श्री,सिसावास पर्साबजार चितवन,पर्सा
128,कालिगण्डकी प्रा वि,कालिगण्डकी प्रावि,प्रावि,कालिगण्डकी,,
129,"अरनिको उ॰ माध्यमिक विधालय मिर्लुङ, तनहुँ",अरनिको मावि मिर्लुङ तनहुँँ,मावि,अरनिको,मिर्लुङ तनहुँँ,तनहुँ
130,"मुकुन्देश्वरी प्रा वि, तनहु",मुकुन्देश्वरी प्रावि तनहुँ,प्रावि,मुकुन्देश्वरी,तनहुँ,तनहुँ
131,जनता प्राथमिक विधालय व्यास तनुहुँ,जनता प्रावि व्यास तनहुँ,प्रावि,जनता,व्यास तनहुँ,तनहुँ
132,नवदुर्गा माध्यमिक विधालय रामपुर पाल्पा,नवदुर्गा मावि रामपुर पाल्पा,मावि,नवदुर्गा,रामपुर पाल्पा,पाल्पा
133,"चन्द्रज्योती मा बि, तनहु",चन्द्रज्योती मावि तनहुँ,मावि,चन्द्रज्योती,तनहुँ,तनहुँ
134,"चन्द्र ज्योती माध्यमिक विद्यालय, तनहुँ",चन्द्र ज्योती मावि तनहुँँ,मावि,चन्द्र ज्योती,तनहुँँ,तनहुँ
135,"संगम माध्यमिक विद्यालय अन्पूर्ण गा॰पा, कास्की",संगम मावि अन्पूर्ण गा पा कास्की,मावि,संगम,अन्पूर्ण गा पा कास्की,कास्की
136,"पोखरी प्रा॰वि॰, इलाम",पोखरी प्रावि इलाम,प्रावि,पोखरी,इलाम,इलाम
137,"आदर्श माध्यमिक विद्यालय, सानोठिमी, भक्तपुर",आदर्श मावि सानोठिमी भक्तपुर,मावि,आदर्श,सानोठिमी भक्तपुर,भक्तपुर
138,"बालमण्डल माध्यमिक विद्यालय, इलाम न॰पा॰, इलाम",बालमण्डल मावि इलाम न पा इलाम,मावि,बालमण्डल,इलाम न पा इलाम,इलाम
139,"श्री कालिका देवी प्राथमिक विद्यालय, आमचोक, रातमाटे।इलाम",श्री कालिका देवी प्रावि आमचोक रातमाटे इलाम,प्रावि,श्री कालिका देवी,आमचोक रातमाटे इलाम,इलाम
140,सुभद्रा प्राथमिक विधालय फाकफोक इलाम,सुभद्रा प्रावि फाकफोक इलाम,प्रावि,सुभद्रा,फाकफोक इलाम,इलाम
141,"नवीनप्रगती प्रा॰वि॰, इलाम",नवीनप्रगती प्रावि इलाम,प्रावि,नवीनप्रगती,इलाम,इलाम
142,"जनशक्ति प्रा॰ वी॰, तनहु",जनशक्ति प्रावि तनहुँ,प्रावि,जनशक्ति,तनहुँ,तनहुँ
143,"लक्ष्मि देवी प्राथमिक विद्यालय, आमचोक, इलाम",लक्ष्मि देवी प्रावि आमचोक इलाम,प्रावि,लक्ष्मि देवी,आमचोक इलाम,इलाम
144,"महेन्द्रोदय आधारभूत विद्यालय, इलाम",महेन्द्रोदय आवि इलाम,आवि,महेन्द्रोदय,इलाम,इलाम
145,"कालीगण्डकी आधारभूत विद्यालय, तनहुँ",कालीगण्डकी आवि तनहुँँ,आवि,कालीगण्डकी,तनहुँँ,तनहुँ
146,"महादेव आधारभूत विद्यालय देवघाट, तनहुँ",महादेव आवि देवघाट तनहुँँ,आवि,महादेव,देवघाट तनहुँँ,तनहुँ
147,माध्यमिक विधालय उ०मा०वि,मावि मावि,मावि,,,
148,"सुम्बेक नि॰मा॰वि॰, इलाम",सुम्बेक निमावि इलाम,निमावि,सुम्बेक,इलाम,इलाम
149,"सिद्देश्वरी प्रा॰वि॰, बरबोटे, इलाम",सिद्देश्वरी प्रावि बरबोटे इलाम,प्रावि,सिद्देश्वरी,बरबोटे इलाम,इलाम
150,"आदर्श आधारभूत विद्यालय इलाम न॰पा॰, इलाम",आदर्श आवि इलाम न पा इलाम,आवि,आदर्श,इलाम न पा इलाम,इलाम
151,"नारायणी नमूना माध्यमिक विद्यालय, भरतपुर-१०, चितवन",नारायणी नमूना मावि भरतपुर चितवन,मावि,नारायणी नमूना,भरतपुर चितवन,चितवन
152,"जन शिशु कल्याण आधारभूत विद्यालय, तनहुँ",जन शिशु कल्याण आवि तनहुँँ,आवि,जन शिशु कल्याण,तनहुँँ,तनहुँ
153,"जनप्रभात माध्यमिक विद्यालय, काठमाडौं",जनप्रभात मावि काठमाडौं,मावि,जनप्रभात,काठमाडौं,काठमाडौं
154,"पुवामाई प्रा॰वि॰, इलाम",पुवामाई प्रावि इलाम,प्रावि,पुवामाई,इलाम,इलाम
155,"नन्द माध्यमिक विद्यालय, इलाम न॰पा॰, इलाम",नन्द मावि इलाम न पा इलाम,मावि,नन्द,इलाम न पा इलाम,इलाम
156,"बुद्ध आर्दश उ॰ माध्यमिक विधालय, झापा",बुद्ध आर्दश मावि झापा,मावि,बुद्ध आर्दश,झापा,झापा
157,"वरचुली माध्यमिक विद्यालय देवचुली, व॰सु॰पूर्व नवलपरासी",वरचुली मावि देवचुली व सु पूर्व नवलपरासी,मावि,वरचुली,देवचुली व सु पूर्व नवलपरासी,पूर्व नवलपरासी
158,"महादेव प्रा॰वि॰, इलाम",महादेव प्रावि इलाम,प्रावि,महादेव,इलाम,इलाम
159,"नर प्रा॰वि॰, इलाम",नर प्रावि इलाम,प्रावि,नर,इलाम,इलाम
160,"हात्तीटार आधारभूत विद्यालय, माईजोगमाई, इलाम",हात्तीटार आवि माईजोगमाई इलाम,आवि,हात्तीटार,माईजोगमाई इलाम,इलाम
161,"लक्ष्मी विद्या भवन आधारभूत विद्यालय, माई न॰पा, इलाम",लक्ष्मी विद्या भवन आवि माई न पा इलाम,आवि,लक्ष्मी विद्या भवन,माई न पा इलाम,इलाम
162,"नेपाल ज्योती आधारभूत विद्यालय, नामसालिङ, इलाम",नेपाल ज्योती आवि नामसालिङ इलाम,आवि,नेपाल ज्योती,नामसालिङ इलाम,इलाम
163,"गजुरमुखी आधारभूत विद्यालय, जीतपुर, इलाम",गजुरमुखी आवि जीतपुर इलाम,आवि,गजुरमुखी,जीतपुर इलाम,इलाम
164,"ज्ञानोदय प्राथमिक विधालय, वढहरे इलाम",ज्ञानोदय प्रावि वढहरे इलाम,प्रावि,ज्ञानोदय,वढहरे इलाम,इलाम
165,"सरस्वती प्राथमिक विधालय, समालबुङ, इलाम",सरस्वती प्रावि समालबुङ इलाम,प्रावि,सरस्वती,समालबुङ इलाम,इलाम
166,"जनता प्राथमिक विधालय प्याङ्ग, इलाम",जनता प्रावि प्याङ्ग इलाम,प्रावि,जनता,प्याङ्ग इलाम,इलाम
167,"सिद्धार्थ आधारभूत विद्यालय, इलाम",सिद्धार्थ आवि इलाम,आवि,सिद्धार्थ,इलाम,इलाम
168,"राष्ट्रिय आधारभूत विद्यालय, माइजोगमाई, इलाम",राष्ट्रिय आवि माइजोगमाई इलाम,आवि,राष्ट्रिय,माइजोगमाई इलाम,इलाम
169,"हमालय निम्न माध्यमिक विधालय, चसापानी, इलाम",हमालय निमावि चसापानी इलाम,निमावि,हमालय,चसापानी इलाम,इलाम
170,"पूर्णस्मारक माध्यमिक विद्यालय, इलाम",पूर्णस्मारक मावि इलाम,मावि,पूर्णस्मारक,इलाम,इलाम
171,"जनकल्याण प्राथमिक विधालय गोदक, इलाम",जनकल्याण प्रावि गोदक इलाम,प्रावि,जनकल्याण,गोदक इलाम,इलाम
172,"सरस्वती उ॰ माध्यमिक विद्यालय, वतासे, इलाम",सरस्वती मावि वतासे इलाम,मावि,सरस्वती,वतासे इलाम,इलाम
173,"राष्टप्रेमी उ॰ माध्यमिक विधालय, इलाम",राष्टप्रेमी मावि इलाम,मावि,राष्टप्रेमी,इलाम,इलाम
174,"वालकन्या नि॰मा॰वि॰, इलाम",वालकन्या निमावि इलाम,निमावि,वालकन्या,इलाम,इलाम
175,"युवावर्ष प्रा॰वि॰, इलाम",युवावर्ष प्रावि इलाम,प्रावि,युवावर्ष,इलाम,इलाम
176,"त्रिभुवन प्रा॰वि॰पञ्चकन्या, इलाम",त्रिभुवन प्रावि पञ्चकन्या इलाम,प्रावि,त्रिभुवन,पञ्चकन्या इलाम,इलाम
177,"अमर ज्योती आधारभूत विद्यालय साङरुम्बा, इलाम",अमर ज्योती आवि साङरुम्बा इलाम,आवि,अमर ज्योती,साङरुम्बा इलाम,इलाम
178,"महेश्वरा निम्न माध्यमिक विधालय, सोयाक इलाम",महेश्वरा निमावि सोयाक इलाम,निमावि,महेश्वरा,सोयाक इलाम,इलाम
179,"देउमाई आधारभूत विद्यालय, ईलाम",देउमाई आवि ईलाम,आवि,देउमाई,ईलाम,इलाम
180,"सूर्योदय आधारभूत विद्यालय, बरबोटे, इलाम",सूर्योदय आवि बरबोटे इलाम,आवि,सूर्योदय,बरबोटे इलाम,इलाम
181,"बाल कल्याण आधारभूत विद्यालय, इलाम",बाल कल्याण आवि इलाम,आवि,बाल कल्याण,इलाम,इलाम
182,"जाल्पा प्रा॰ वी॰, इलाम",जाल्पा प्रावि इलाम,प्रावि,जाल्पा,इलाम,इलाम
183,"नारायण आधारभूत विद्यालय, गोदक इलाम",नारायण आवि गोदक इलाम,आवि,नारायण,गोदक इलाम,इलाम
184,"सरस्वती प्रा॰वि॰, दानाबारी, इलाम",सरस्वती प्रावि दानाबारी इलाम,प्रावि,सरस्वती,दानाबारी इलाम,इलाम
185,"भगवती आधारभूत विद्यालय, जितपुर, इलाम",भगवती आवि जितपुर इलाम,आवि,भगवती,जितपुर इलाम,इलाम
186,"जालपा नि॰मा॰वि।, इलाम",जालपा निमावि इलाम,निमावि,जालपा,इलाम,इलाम
187,"कमल देवी आधारभूत विद्यालय, इलाम",कमल देवी आवि इलाम,आवि,कमल देवी,इलाम,इलाम
188,"फलाटे माध्यमिक विद्यालय, इलाम",फलाटे मावि इलाम,मावि,फलाटे,इलाम,इलाम
189,"वालमण्डल उ॰ माध्यमिक विधालय, इलाम",वालमण्डल मावि इलाम,मावि,वालमण्डल,इलाम,इलाम
190,"वाल्मिकी सिंहदेवी आधारभूत विद्यालय, इलाम",वाल्मिकी सिंहदेवी आवि इलाम,आवि,वाल्मिकी सिंहदेवी,इलाम,इलाम
191,"जनता माध्यमिक विद्यालय माई नगरपालिका, इलाम",जनता मावि माई नगरपालिका इलाम,मावि,जनता,माई नगरपालिका इलाम,इलाम
192,"थोकफेला प्राथमिक विधालय, इलाम",थोकफेला प्रावि इलाम,प्रावि,थोकफेला,इलाम,इलाम
193,"नारायण जन माध्यमिक विधालय मच्छेगाउँ, काठमाडौं",नारायण जन मावि मच्छेगाउँ काठमाडौं,मावि,नारायण जन,मच्छेगाउँ काठमाडौं,काठमाडौं
194,"विणापाणी माध्यमिक विद्यालय, इलाम",विणापाणी मावि इलाम,मावि,विणापाणी,इलाम,इलाम
195,"बाँझोगाउँ माध्यमिक विद्यालय चुलाचुली, इलाम",बाँझोगाउँ मावि चुलाचुली इलाम,मावि,बाँझोगाउँ,चुलाचुली इलाम,इलाम
196,"सिद्ध देवी प्राथमिक विधालय पुवामजुवा, इलाम",सिद्ध देवी प्रावि पुवामजुवा इलाम,प्रावि,सिद्ध देवी,पुवामजुवा इलाम,इलाम
197,"सिद्धदेउमाई निम्न माध्यमिक विधालय चयैता, इलाम",सिद्धदेउमाई निमावि चयैता इलाम,निमावि,सिद्धदेउमाई,चयैता इलाम,इलाम
198,"डम्बर देवी माध्यमिक विद्यालय, इलाम",डम्बर देवी मावि इलाम,मावि,डम्बर देवी,इलाम,इलाम
199,"माहेन्द्र माध्यमिक विद्यालय, तनहुँ",माहेन्द्र मावि तनहुँँ,मावि,माहेन्द्र,तनहुँँ,तनहुँ
