school_id_A,school_id_B,root_school_name_A,root_school_old_name2_B,school_level_A,school_level_old_name2_B,district_A,district_B,Fuzzy_match_score,Match_Type
140,16975,subhadra,subhadra,pravi,pravi,ilam,ilam,3.0,"District: complete, School level: complete, Root name: complete"
229,12933,kailasha,kailash,pravi,pravi,ilam,ilam,3.0,"District: complete, School level: complete, Root name: complete"
294,42991,parvati,parwati,pravi,pravi,tanahun,tanahun,3.0,"District: complete, School level: complete, Root name: complete"
322,43939,kalika,kalika,mavi,mavi,tanahun,tanahun,3.0,"District: complete, School level: complete, Root name: complete"
346,44066,sarasvati sadana,saraswati sadan,mavi,mavi,tanahun,tanahun,3.0,"District: complete, School level: complete, Root name: complete"
363,32184,gu~njanagara,gunjanagar,mavi,mavi,chitwan,chitwan,3.0,"District: complete, School level: complete, Root name: complete"
424,43801,bhanu samskrrita,bhanu sanskrit,mavi,mavi,tanahun,tanahun,3.0,"District: complete, School level: complete, Root name: complete"
519,11794,gura.nsa,gurans,avi,avi,khotang,khotang,3.0,"District: complete, School level: complete, Root name: complete"
753,16278,pa~nchakanya,pancha kanya,pravi,pravi,solukhumbu,solukhumbu,3.0,"District: complete, School level: complete, Root name: complete"
780,11639,gamga devi,ganga devi,pravi,pravi,khotang,khotang,3.0,"District: complete, School level: complete, Root name: complete"
817,21510,janata,janata,mavi,mavi,siraha,siraha,3.0,"District: complete, School level: complete, Root name: complete"
918,74178,sitarama,sitaram,mavi,mavi,doti,doti,3.0,"District: complete, School level: complete, Root name: complete"
941,14914,radhanagara,radha nagar,pravi,pravi,jhapa,jhapa,3.0,"District: complete, School level: complete, Root name: complete"
942,15150,sadhuprarti,sadhuparti,pravi,pravi,jhapa,jhapa,3.0,"District: complete, School level: complete, Root name: complete"
982,16105,janajyoti,jana jyoti,mavi,mavi,jhapa,jhapa,3.0,"District: complete, School level: complete, Root name: complete"
1005,55044,satyavati,satyawati,pravi,pravi,gulmi,gulmi,3.0,"District: complete, School level: complete, Root name: complete"
1038,63074,chulimalika,chulimalika,mavi,mavi,kalikot,kalikot,3.0,"District: complete, School level: complete, Root name: complete"
1054,55511,jivanoddhara,jivanoddhar,mavi,mavi,gulmi,gulmi,3.0,"District: complete, School level: complete, Root name: complete"
1225,17249,thotne,thotne,nimavi,nimavi,taplejung,taplejung,3.0,"District: complete, School level: complete, Root name: complete"
1285,15216,sahida smrriti,sahid smriti,mavi,mavi,sunsari,sunsari,3.0,"District: complete, School level: complete, Root name: complete"
1286,15709,shahida smrriti,sahid smriti,avi,avi,sunsari,sunsari,3.0,"District: complete, School level: complete, Root name: complete"
1314,3602,balamukunda,bal mukunda,nimavi,nimavi,lalitpur,lalitpur,3.0,"District: complete, School level: complete, Root name: complete"
1316,72282,krrishna,krishna,pravi,pravi,bajhang,bajhang,3.0,"District: complete, School level: complete, Root name: complete"
1365,74006,janata,janata,mavi,mavi,kailali,kailali,3.0,"District: complete, School level: complete, Root name: complete"
1482,778,amaraghatti,amar ghatti,nimavi,nimavi,doti,doti,3.0,"District: complete, School level: complete, Root name: complete"
1500,35736,sarasvati,saraswati,mavi,mavi,chitwan,chitwan,3.0,"District: complete, School level: complete, Root name: complete"
1595,72312,kulamashtajana,kul mastajan,mavi,mavi,bajhang,bajhang,3.0,"District: complete, School level: complete, Root name: complete"
1600,73687,satya,sattya,mavi,mavi,bajhang,bajhang,3.0,"District: complete, School level: complete, Root name: complete"
1739,72753,melaghatti,melghati,mavi,mavi,kailali,kailali,3.0,"District: complete, School level: complete, Root name: complete"
1830,11617,ganesha,ganesh,pravi,pravi,taplejung,taplejung,3.0,"District: complete, School level: complete, Root name: complete"
1844,74109,radha krrishna,radha krishna,mavi,mavi,doti,doti,3.0,"District: complete, School level: complete, Root name: complete"
1870,16015,buddha,buddha,avi,avi,jhapa,jhapa,3.0,"District: complete, School level: complete, Root name: complete"
1891,34840,pa~nchakanya,pancha kanya,mavi,mavi,bhaktapur,bhaktapur,3.0,"District: complete, School level: complete, Root name: complete"
1925,54055,nepala rashtriya,nepal rastriya,avi,avi,gulmi,gulmi,3.0,"District: complete, School level: complete, Root name: complete"
1984,7113,arunoadaya,arunodaya,mavi,mavi,kailali,kailali,3.0,"District: complete, School level: complete, Root name: complete"
2073,3223,annapurna,annapurna,mavi,mavi,chitwan,chitwan,3.0,"District: complete, School level: complete, Root name: complete"
2123,3924,bhogateni,bhogateni,pravi,pravi,dhading,dhading,3.0,"District: complete, School level: complete, Root name: complete"
2131,74054,magaleka,maglek,mavi,mavi,doti,doti,3.0,"District: complete, School level: complete, Root name: complete"
2295,36633,mahendra,mahendra,avi,avi,bhaktapur,bhaktapur,3.0,"District: complete, School level: complete, Root name: complete"
2436,63039,bhagavati,bhagawati,pravi,pravi,kalikot,kalikot,3.0,"District: complete, School level: complete, Root name: complete"
2520,55820,yadu~nga,yadung,pravi,pravi,gulmi,gulmi,3.0,"District: complete, School level: complete, Root name: complete"
2584,16022,champapura,champapur,mavi,mavi,jhapa,jhapa,3.0,"District: complete, School level: complete, Root name: complete"
2766,44029,prajavasti,prajabasti,pravi,pravi,gorkha,gorkha,3.0,"District: complete, School level: complete, Root name: complete"
2928,35429,richoka ira~nga,richok irang,nimavi,nimavi,dhading,dhading,3.0,"District: complete, School level: complete, Root name: complete"
2929,24850,sharada,sarada,mavi,mavi,rautahat,rautahat,3.0,"District: complete, School level: complete, Root name: complete"
3077,31351,chandra,chandra,pravi,pravi,makwanpur,makwanpur,3.0,"District: complete, School level: complete, Root name: complete"
3132,74263,siddhanatha,siddhanath,avi,avi,baitadi,baitadi,3.0,"District: complete, School level: complete, Root name: complete"
3337,33280,kamala,kamala,pravi,pravi,sindhuli,sindhuli,3.0,"District: complete, School level: complete, Root name: complete"
3339,43829,chandravati,chandrawati,mavi,mavi,tanahun,tanahun,3.0,"District: complete, School level: complete, Root name: complete"
3375,36281,batsaladevi,batsala devi,mavi,mavi,makwanpur,makwanpur,3.0,"District: complete, School level: complete, Root name: complete"
3441,55174,sikhara,shikhar,pravi,pravi,arghakhanchi,arghakhanchi,3.0,"District: complete, School level: complete, Root name: complete"
3526,24422,keshvara gariva,keshwar gariv,mavi,mavi,sarlahi,sarlahi,3.0,"District: complete, School level: complete, Root name: complete"
3555,377,adharabhuta shiksha,adharbhut sikshya,pravi,pravi,makwanpur,makwanpur,3.0,"District: complete, School level: complete, Root name: complete"
3609,36178,araniko,araniko,mavi,mavi,kavrepalanchok,kavrepalanchok,3.0,"District: complete, School level: complete, Root name: complete"
3755,43649,sharada ramaniya damda,sarada ramaniya danda,pravi,pravi,syangja,syangja,3.0,"District: complete, School level: complete, Root name: complete"
3877,15997,bhanu,bhanu,pravi,pravi,sunsari,sunsari,3.0,"District: complete, School level: complete, Root name: complete"
3888,16449,siddhadevi,siddha devi,nimavi,nimavi,panchthar,panchthar,3.0,"District: complete, School level: complete, Root name: complete"
3994,55266,ardasha,adarsha,avi,avi,arghakhanchi,arghakhanchi,3.0,"District: complete, School level: complete, Root name: complete"
4085,36213,balamandira,bal mandir,pravi,pravi,ramechhap,ramechhap,3.0,"District: complete, School level: complete, Root name: complete"
4119,36765,ratna jyoti,ratna jyoti,nimavi,nimavi,makwanpur,makwanpur,3.0,"District: complete, School level: complete, Root name: complete"
4373,63156,jayanti,jayanti u,mavi,mavi,dailekh,dailekh,3.0,"District: complete, School level: complete, Root name: complete"
4481,36781,samudra,samundra,mavi,mavi,nuwakot,nuwakot,3.0,"District: complete, School level: complete, Root name: complete"
4670,33247,kalikasharana,kalikasaran,avi,avi,sindhupalchok,sindhupalchok,3.0,"District: complete, School level: complete, Root name: complete"
4684,43946,karmada,karmada,mavi,mavi,tanahun,tanahun,3.0,"District: complete, School level: complete, Root name: complete"
4748,21382,janata,janata,avi,avi,mahottari,mahottari,3.0,"District: complete, School level: complete, Root name: complete"
4821,73321,rashtriya,rastriya,pravi,pravi,kailali,kailali,3.0,"District: complete, School level: complete, Root name: complete"
4978,6827,ganesha,ganesh,mavi,mavi,dailekh,dailekh,3.0,"District: complete, School level: complete, Root name: complete"
5009,63312,pashupati,pashupati,mavi,mavi,jajarkot,jajarkot,3.0,"District: complete, School level: complete, Root name: complete"
5061,35707,sarasvati,saraswati,pravi,pravi,nuwakot,nuwakot,3.0,"District: complete, School level: complete, Root name: complete"
5181,37584,triveni,triveni,pravi,pravi,sindhuli,sindhuli,3.0,"District: complete, School level: complete, Root name: complete"
5193,15768,sharada,sarada,nimavi,nimavi,sankhuwasabha,sankhuwasabha,3.0,"District: complete, School level: complete, Root name: complete"
5227,1159,ambegudina,ambegudin,pravi,pravi,taplejung,taplejung,3.0,"District: complete, School level: complete, Root name: complete"
5233,6953,himalaya,himalaya,nimavi,nimavi,jajarkot,jajarkot,3.0,"District: complete, School level: complete, Root name: complete"
5251,63175,kalika,kalika,mavi,mavi,kalikot,kalikot,3.0,"District: complete, School level: complete, Root name: complete"
5271,61188,janapriya,jana priya,pravi,pravi,dailekh,dailekh,3.0,"District: complete, School level: complete, Root name: complete"
5288,63221,mala takura,maltakura,mavi,mavi,jajarkot,jajarkot,3.0,"District: complete, School level: complete, Root name: complete"
5296,36440,hirathumki,hira thumki,mavi,mavi,sindhuli,sindhuli,3.0,"District: complete, School level: complete, Root name: complete"
5297,35778,sarasvati,saraswati,mavi,mavi,sindhuli,sindhuli,3.0,"District: complete, School level: complete, Root name: complete"
5305,72798,moti mahila samgha,moti mahila sangh,pravi,pravi,darchula,darchula,3.0,"District: complete, School level: complete, Root name: complete"
5320,35228,,,pravi,pravi,sindhuli,sindhuli,3.0,"District: complete, School level: complete, Root name: complete"
5366,71438,himalaya,himalaya,pravi,pravi,bajhang,bajhang,3.0,"District: complete, School level: complete, Root name: complete"
5666,61556,kalika,kalika,pravi,pravi,kalikot,kalikot,3.0,"District: complete, School level: complete, Root name: complete"
5667,63367,satya devi,satya devi,mavi,mavi,kalikot,kalikot,3.0,"District: complete, School level: complete, Root name: complete"
5682,52209,j~nanajyoti,janajyoti,nimavi,nimavi,bardiya,bardiya,3.0,"District: complete, School level: complete, Root name: complete"
5717,31404,chabhaktishvara,chhabhaktishwar,pravi,pravi,kavrepalanchok,kavrepalanchok,3.0,"District: complete, School level: complete, Root name: complete"
5777,3860,bhanu,bhanu,mavi,mavi,chitwan,chitwan,3.0,"District: complete, School level: complete, Root name: complete"
5778,36467,janajagrriti,jana jagriti,mavi,mavi,makwanpur,makwanpur,3.0,"District: complete, School level: complete, Root name: complete"
5828,16622,siddhartha,siddartha,nimavi,nimavi,panchthar,panchthar,3.0,"District: complete, School level: complete, Root name: complete"
5860,16013,buddha a,buddha,pravi,pravi,solukhumbu,solukhumbu,3.0,"District: complete, School level: complete, Root name: complete"
5869,36500,janata,janata,mavi,mavi,ramechhap,ramechhap,3.0,"District: complete, School level: complete, Root name: complete"
6261,63219,malika,malika,mavi,mavi,kalikot,kalikot,3.0,"District: complete, School level: complete, Root name: complete"
6291,55666,prabhata,prabhat,mavi,mavi,pyuthan,pyuthan,3.0,"District: complete, School level: complete, Root name: complete"
6298,44089,shitala,shitala,mavi,mavi,syangja,syangja,3.0,"District: complete, School level: complete, Root name: complete"
6418,73112,panidhara,panidhara,pravi,pravi,darchula,darchula,3.0,"District: complete, School level: complete, Root name: complete"
6425,73962,durga,durga,pravi,pravi,darchula,darchula,3.0,"District: complete, School level: complete, Root name: complete"
6505,55451,janajagarana,jana jagaran,pravi,pravi,banke,banke,3.0,"District: complete, School level: complete, Root name: complete"
6530,16409,hoklavari,hoklabari,mavi,mavi,morang,morang,3.0,"District: complete, School level: complete, Root name: complete"
6633,72307,krrishna,krishna,mavi,mavi,darchula,darchula,3.0,"District: complete, School level: complete, Root name: complete"
6646,73958,dilasaini,dilasaini,mavi,mavi,baitadi,baitadi,3.0,"District: complete, School level: complete, Root name: complete"
6731,21379,janata,janata,pravi,pravi,siraha,siraha,3.0,"District: complete, School level: complete, Root name: complete"
6743,52554,jvala jana jagrriti,jwala jana jagriti,pravi,pravi,bardiya,bardiya,3.0,"District: complete, School level: complete, Root name: complete"
6760,52210,janajyoti,jana jyoti,nimavi,nimavi,rolpa,rolpa,3.0,"District: complete, School level: complete, Root name: complete"
6897,72487,mahadeva,mahadev,mavi,mavi,bajhang,bajhang,3.0,"District: complete, School level: complete, Root name: complete"
6976,61618,kalika,kalika,nimavi,nimavi,kalikot,kalikot,3.0,"District: complete, School level: complete, Root name: complete"
7053,31593,devi,devi,mavi,mavi,bhaktapur,bhaktapur,3.0,"District: complete, School level: complete, Root name: complete"
7244,21369,janata,janata,avi,avi,saptari,saptari,3.0,"District: complete, School level: complete, Root name: complete"
7274,16117,janata,janata,nimavi,nimavi,sunsari,sunsari,3.0,"District: complete, School level: complete, Root name: complete"
7332,1685,bhaladhu~nga,bhaldhunga,mavi,mavi,sunsari,sunsari,3.0,"District: complete, School level: complete, Root name: complete"
7367,37121,soktelabhumi,soktel bhumi,pravi,pravi,kavrepalanchok,kavrepalanchok,3.0,"District: complete, School level: complete, Root name: complete"
7466,73992,indra,indra,mavi,mavi,doti,doti,3.0,"District: complete, School level: complete, Root name: complete"
7564,71719,janata,janata,pravi,pravi,kailali,kailali,3.0,"District: complete, School level: complete, Root name: complete"
7567,72509,mahakali,mahakali,nimavi,nimavi,doti,doti,3.0,"District: complete, School level: complete, Root name: complete"
7589,41877,janaki,janaki,avi,avi,kaski,kaski,3.0,"District: complete, School level: complete, Root name: complete"
7590,55818,vidyajyoti,bidya jyoti,mavi,mavi,bardiya,bardiya,3.0,"District: complete, School level: complete, Root name: complete"
7619,74145,setigau.n,setigaun,mavi,mavi,baitadi,baitadi,3.0,"District: complete, School level: complete, Root name: complete"
7857,16815,simha siddha,singha siddha,nimavi,nimavi,panchthar,panchthar,3.0,"District: complete, School level: complete, Root name: complete"
8148,21388,janata,janata,pravi,pravi,siraha,siraha,3.0,"District: complete, School level: complete, Root name: complete"
8191,54845,sarasvati,saraswati,mavi,mavi,pyuthan,pyuthan,3.0,"District: complete, School level: complete, Root name: complete"
8194,51750,hanumana,hanuman,avi,avi,banke,banke,3.0,"District: complete, School level: complete, Root name: complete"
8217,53807,namuna,namuna,pravi,pravi,rolpa,rolpa,3.0,"District: complete, School level: complete, Root name: complete"
8289,55748,sarasvati,saraswati,mavi,mavi,bardiya,bardiya,3.0,"District: complete, School level: complete, Root name: complete"
8316,52685,karagara,karagar,pravi,pravi,banke,banke,3.0,"District: complete, School level: complete, Root name: complete"
8395,16429,sharada,sharda,mavi,mavi,sunsari,sunsari,3.0,"District: complete, School level: complete, Root name: complete"
8406,74042,krrishna,krishna,mavi,mavi,baitadi,baitadi,3.0,"District: complete, School level: complete, Root name: complete"
8439,36692,oma shanti,om shanti,pravi,pravi,lalitpur,lalitpur,3.0,"District: complete, School level: complete, Root name: complete"
8570,74080,mathairaja,mathairaj,mavi,mavi,baitadi,baitadi,3.0,"District: complete, School level: complete, Root name: complete"
8661,21398,janata,janata,mavi,mavi,mahottari,mahottari,3.0,"District: complete, School level: complete, Root name: complete"
8688,62552,prrithvi,prithvi,pravi,pravi,salyan,salyan,3.0,"District: complete, School level: complete, Root name: complete"
8905,2135,badaharamala,badaharamal,pravi,pravi,siraha,siraha,3.0,"District: complete, School level: complete, Root name: complete"
8965,61341,janata,janata,pravi,pravi,salyan,salyan,3.0,"District: complete, School level: complete, Root name: complete"
9068,63211,mahendra,mahendra,mavi,mavi,salyan,salyan,3.0,"District: complete, School level: complete, Root name: complete"
9071,6523,buddha,buddha,mavi,mavi,mugu,mugu,3.0,"District: complete, School level: complete, Root name: complete"
9158,74158,shiromanai lekhanatha,siromani lekhnath,pravi,pravi,achham,achham,3.0,"District: complete, School level: complete, Root name: complete"
9198,72182,kedara,kedar,mavi,mavi,baitadi,baitadi,3.0,"District: complete, School level: complete, Root name: complete"
9254,36906,thakalatara,thakaltar,mavi,mavi,chitwan,chitwan,3.0,"District: complete, School level: complete, Root name: complete"
9316,3878,bhima,bhim,mavi,mavi,kathmandu,kathmandu,3.0,"District: complete, School level: complete, Root name: complete"
9371,62855,sarasvati,saraswati,mavi,mavi,kalikot,kalikot,3.0,"District: complete, School level: complete, Root name: complete"
9384,61565,kalika devi,kalika devi,pravi,pravi,kalikot,kalikot,3.0,"District: complete, School level: complete, Root name: complete"
9414,62444,paregamala,paregmala,pravi,pravi,kalikot,kalikot,3.0,"District: complete, School level: complete, Root name: complete"
9425,63232,nainaladeva,nainal dev,mavi,mavi,kalikot,kalikot,3.0,"District: complete, School level: complete, Root name: complete"
9442,63307,pa~nchadeva,pancha dev,mavi,mavi,kalikot,kalikot,3.0,"District: complete, School level: complete, Root name: complete"
9444,63130,janajivana,jana jivan,mavi,mavi,kalikot,kalikot,3.0,"District: complete, School level: complete, Root name: complete"
9448,1188,anivarya ni shulka,anibarya nisulka,pravi,pravi,dhankuta,dhankuta,3.0,"District: complete, School level: complete, Root name: complete"
9468,63075,chulimalika,chuli malika,mavi,mavi,kalikot,kalikot,3.0,"District: complete, School level: complete, Root name: complete"
9484,15911,adarsha,adarsha,mavi,mavi,morang,morang,3.0,"District: complete, School level: complete, Root name: complete"
9529,36397,ganesha,ganesh,mavi,mavi,kathmandu,kathmandu,3.0,"District: complete, School level: complete, Root name: complete"
9789,24402,janata,janata,avi,avi,saptari,saptari,3.0,"District: complete, School level: complete, Root name: complete"
9860,34028,manakamana,manakamana,pravi,pravi,rasuwa,rasuwa,3.0,"District: complete, School level: complete, Root name: complete"
9937,24424,janata,janata,pravi,pravi,siraha,siraha,3.0,"District: complete, School level: complete, Root name: complete"
9974,36896,suyodaya,suryodaya,pravi,pravi,dhading,dhading,3.0,"District: complete, School level: complete, Root name: complete"
10046,24412,janata,janata,avi,avi,saptari,saptari,3.0,"District: complete, School level: complete, Root name: complete"
10306,12183,jalpa,jalpa,mavi,mavi,okhaldhunga,okhaldhunga,3.0,"District: complete, School level: complete, Root name: complete"
10307,61456,jivana jyoti,jivan jyoti,mavi,mavi,surkhet,surkhet,3.0,"District: complete, School level: complete, Root name: complete"
10308,61456,jivanajyoti,jivan jyoti,mavi,mavi,surkhet,surkhet,3.0,"District: complete, School level: complete, Root name: complete"
10451,16406,amsala,amsal,mavi,mavi,udayapur,udayapur,3.0,"District: complete, School level: complete, Root name: complete"
10546,36279,layogau.n,layogau,pravi,pravi,sindhuli,sindhuli,3.0,"District: complete, School level: complete, Root name: complete"
10606,36062,sharada,sarada,nimavi,nimavi,sindhuli,sindhuli,3.0,"District: complete, School level: complete, Root name: complete"
10619,32870,janapremi,janapremi,mavi,mavi,sindhuli,sindhuli,3.0,"District: complete, School level: complete, Root name: complete"
10623,669,araniko,araniko,pravi,pravi,humla,humla,3.0,"District: complete, School level: complete, Root name: complete"
10665,36545,kalikadevi,kalika devi,pravi,pravi,sindhuli,sindhuli,3.0,"District: complete, School level: complete, Root name: complete"
10756,36076,patanadevi,patandevi,mavi,mavi,sindhuli,sindhuli,3.0,"District: complete, School level: complete, Root name: complete"
10831,22442,mahananda prasada upadhyaya,maha nanda pd upadhyaya,mavi,mavi,parsa,parsa,3.0,"District: complete, School level: complete, Root name: complete"
10910,33015,devi sthana,devisthan,mavi,mavi,sindhuli,sindhuli,3.0,"District: complete, School level: complete, Root name: complete"
11032,36339,champadevi,champadevi,mavi,mavi,sindhuli,sindhuli,3.0,"District: complete, School level: complete, Root name: complete"
11058,33275,kamala,kamala,mavi,mavi,sindhuli,sindhuli,3.0,"District: complete, School level: complete, Root name: complete"
11062,37609,ujyalo,ujyalo,pravi,pravi,sindhuli,sindhuli,3.0,"District: complete, School level: complete, Root name: complete"
11087,33296,kamala,kamala,nimavi,nimavi,sindhuli,sindhuli,3.0,"District: complete, School level: complete, Root name: complete"
11149,36687,netrakali,netra kali,mavi,mavi,sindhuli,sindhuli,3.0,"District: complete, School level: complete, Root name: complete"
11154,35993,shahithakura,shahi thakur,pravi,pravi,sindhuli,sindhuli,3.0,"District: complete, School level: complete, Root name: complete"
11237,32772,jana shiksha,jana sikshya,pravi,pravi,sindhuli,sindhuli,3.0,"District: complete, School level: complete, Root name: complete"
11239,32800,jana jagarana,jana jagaran,mavi,mavi,sindhuli,sindhuli,3.0,"District: complete, School level: complete, Root name: complete"
11259,33295,kamala,kamala,mavi,mavi,sindhuli,sindhuli,3.0,"District: complete, School level: complete, Root name: complete"
11285,61140,janakalyana,jana kalyan,nimavi,nimavi,humla,humla,3.0,"District: complete, School level: complete, Root name: complete"
11289,61499,kailashapuri,kailash puri,mavi,mavi,humla,humla,3.0,"District: complete, School level: complete, Root name: complete"
11400,21411,janata,janata,mavi,mavi,saptari,saptari,3.0,"District: complete, School level: complete, Root name: complete"
11407,7342,badhapala,bathapala,pravi,pravi,bajhang,bajhang,3.0,"District: complete, School level: complete, Root name: complete"
11410,43835,choka,chok,mavi,mavi,tanahun,tanahun,3.0,"District: complete, School level: complete, Root name: complete"
11449,36549,kamada,kamada,mavi,mavi,sindhuli,sindhuli,3.0,"District: complete, School level: complete, Root name: complete"
11461,36713,phikkala,phikal,mavi,mavi,sindhuli,sindhuli,3.0,"District: complete, School level: complete, Root name: complete"
11475,44085,sharada,sharada,avi,avi,parbat,parbat,3.0,"District: complete, School level: complete, Root name: complete"
11570,36696,mahendra,mahendra,mavi,mavi,lalitpur,lalitpur,3.0,"District: complete, School level: complete, Root name: complete"
11619,14485,pa~nchakanya,pancha kanya,pravi,pravi,dhankuta,dhankuta,3.0,"District: complete, School level: complete, Root name: complete"
11671,61405,janata,janata,mavi,mavi,salyan,salyan,3.0,"District: complete, School level: complete, Root name: complete"
11684,61342,janata,janata,pravi,pravi,salyan,salyan,3.0,"District: complete, School level: complete, Root name: complete"
11818,35315,raktamala,raktamala,pravi,pravi,sindhuli,sindhuli,3.0,"District: complete, School level: complete, Root name: complete"
12137,36972,siddha,sidda,mavi,mavi,sindhuli,sindhuli,3.0,"District: complete, School level: complete, Root name: complete"
12167,61118,janajyoti,jana jyoti,mavi,mavi,jumla,jumla,3.0,"District: complete, School level: complete, Root name: complete"
12196,14486,pamchakanya,pancha kanya,pravi,pravi,dhankuta,dhankuta,3.0,"District: complete, School level: complete, Root name: complete"
12197,14486,pa~nchakanya,pancha kanya,pravi,pravi,dhankuta,dhankuta,3.0,"District: complete, School level: complete, Root name: complete"
12218,36327,borla~ngabhume,borlang bhume,avi,avi,nuwakot,nuwakot,3.0,"District: complete, School level: complete, Root name: complete"
12287,71418,harichandra,hari chandra,pravi,pravi,bajhang,bajhang,3.0,"District: complete, School level: complete, Root name: complete"
12314,72200,kedaranatha,kedarnath,avi,avi,darchula,darchula,3.0,"District: complete, School level: complete, Root name: complete"
12450,32553,jagrrita,jagrit,avi,avi,nuwakot,nuwakot,3.0,"District: complete, School level: complete, Root name: complete"
12492,34519,navalapura,navalpur,avi,avi,dhading,dhading,3.0,"District: complete, School level: complete, Root name: complete"
12521,55873,siddamandala,siddha mandali,mavi,mavi,rukum purba,rukum purba,3.0,"District: complete, School level: complete, Root name: complete"
12838,54627,rashtrirya,rastriya,mavi,mavi,nawalparasi,nawalparasi,3.0,"District: complete, School level: complete, Root name: complete"
12872,36175,amara,amar,pravi,pravi,nuwakot,nuwakot,3.0,"District: complete, School level: complete, Root name: complete"
12912,36771,rudrayani,rudrayani,mavi,mavi,lalitpur,lalitpur,3.0,"District: complete, School level: complete, Root name: complete"
12988,44064,sarasvati mandira,saraswati mandir u,mavi,mavi,tanahun,tanahun,3.0,"District: complete, School level: complete, Root name: complete"
13016,72547,mahendra,mahendra,mavi,mavi,bajhang,bajhang,3.0,"District: complete, School level: complete, Root name: complete"
13042,36701,pa~nchakanya,pancha kanya,mavi,mavi,kathmandu,kathmandu,3.0,"District: complete, School level: complete, Root name: complete"
13100,73783,sharada,sarada,mavi,mavi,bajhang,bajhang,3.0,"District: complete, School level: complete, Root name: complete"
13105,71103,durga,durga,mavi,mavi,bajhang,bajhang,3.0,"District: complete, School level: complete, Root name: complete"
13107,63362,devi,devi,mavi,mavi,dailekh,dailekh,3.0,"District: complete, School level: complete, Root name: complete"
13128,44046,rashtriya,rastriya,mavi,mavi,tanahun,tanahun,3.0,"District: complete, School level: complete, Root name: complete"
13149,15547,sarasvati,saraswati,pravi,pravi,dhankuta,dhankuta,3.0,"District: complete, School level: complete, Root name: complete"
13156,63306,pa~nchakoshi jvala,pancha koshi jwala,mavi,mavi,dailekh,dailekh,3.0,"District: complete, School level: complete, Root name: complete"
13196,12420,janapremi,jana premi,mavi,mavi,udayapur,udayapur,3.0,"District: complete, School level: complete, Root name: complete"
13198,62220,ne ra,nera,pravi,pravi,dailekh,dailekh,3.0,"District: complete, School level: complete, Root name: complete"
13221,63325,putali,putali,pravi,pravi,jajarkot,jajarkot,3.0,"District: complete, School level: complete, Root name: complete"
13302,16141,janata,janata,mavi,mavi,jhapa,jhapa,3.0,"District: complete, School level: complete, Root name: complete"
13313,24421,kanya,kanya,pravi,pravi,parsa,parsa,3.0,"District: complete, School level: complete, Root name: complete"
13562,55401,ganapati,ganapati,mavi,mavi,palpa,palpa,3.0,"District: complete, School level: complete, Root name: complete"
13655,36085,shikhara besi,shikharbesi,pravi,pravi,nuwakot,nuwakot,3.0,"District: complete, School level: complete, Root name: complete"
13952,15548,sarasvati,saraswati,pravi,pravi,dhankuta,dhankuta,3.0,"District: complete, School level: complete, Root name: complete"
13973,63178,kalika,kalika,mavi,mavi,mugu,mugu,3.0,"District: complete, School level: complete, Root name: complete"
14001,6739,dipa srrijana,dip srijana,pravi,pravi,salyan,salyan,3.0,"District: complete, School level: complete, Root name: complete"
14126,36296,bhanu,bhanu,nimavi,nimavi,sindhuli,sindhuli,3.0,"District: complete, School level: complete, Root name: complete"
14220,15912,adarsha,adarsha,mavi,mavi,sankhuwasabha,sankhuwasabha,3.0,"District: complete, School level: complete, Root name: complete"
14243,11936,hima,him,mavi,mavi,sankhuwasabha,sankhuwasabha,3.0,"District: complete, School level: complete, Root name: complete"
14308,16437,shiva,shiva,pravi,pravi,sankhuwasabha,sankhuwasabha,3.0,"District: complete, School level: complete, Root name: complete"
14321,15789,sharada,sharada,mavi,mavi,sankhuwasabha,sankhuwasabha,3.0,"District: complete, School level: complete, Root name: complete"
14364,54974,sarasvati,saraswati,mavi,mavi,pyuthan,pyuthan,3.0,"District: complete, School level: complete, Root name: complete"
14436,63188,krrishna,krishna,mavi,mavi,salyan,salyan,3.0,"District: complete, School level: complete, Root name: complete"
14503,24192,shri mahendra,shree mahendra,mavi,mavi,saptari,saptari,3.0,"District: complete, School level: complete, Root name: complete"
14527,52345,janata,janata,nimavi,nimavi,bardiya,bardiya,3.0,"District: complete, School level: complete, Root name: complete"
14607,24337,janata,janata,nimavi,nimavi,saptari,saptari,3.0,"District: complete, School level: complete, Root name: complete"
14742,21502,janata rashtriya,janata rastriya,avi,avi,mahottari,mahottari,3.0,"District: complete, School level: complete, Root name: complete"
14842,21405,janata,janata,mavi,mavi,dhanusha,dhanusha,3.0,"District: complete, School level: complete, Root name: complete"
14950,63148,janata,janta,mavi,mavi,jajarkot,jajarkot,3.0,"District: complete, School level: complete, Root name: complete"
14971,52179,janahita,janahit,pravi,pravi,rupandehi,rupandehi,3.0,"District: complete, School level: complete, Root name: complete"
15192,13251,koshi,koshi,mavi,mavi,sunsari,sunsari,3.0,"District: complete, School level: complete, Root name: complete"
15239,74455,suryadaya,suryodaya,pravi,pravi,bajura,bajura,3.0,"District: complete, School level: complete, Root name: complete"
15464,24241,,,avi,avi,sarlahi,sarlahi,3.0,"District: complete, School level: complete, Root name: complete"
15508,13869,manokamana,manakamana,pravi,pravi,morang,morang,3.0,"District: complete, School level: complete, Root name: complete"
15518,55485,janashakti,jana shakti,pravi,pravi,rupandehi,rupandehi,3.0,"District: complete, School level: complete, Root name: complete"
15574,35737,sarasvati,saraswati,mavi,mavi,chitwan,chitwan,3.0,"District: complete, School level: complete, Root name: complete"
15583,73244,purnagiri,purna giri,pravi,pravi,dadeldhura,dadeldhura,3.0,"District: complete, School level: complete, Root name: complete"
15731,21418,janata,janata,mavi,mavi,bara,bara,3.0,"District: complete, School level: complete, Root name: complete"
15800,23982,sarasvati,saraswati,mavi,mavi,mahottari,mahottari,3.0,"District: complete, School level: complete, Root name: complete"
15844,24289,durga,durga,avi,avi,saptari,saptari,3.0,"District: complete, School level: complete, Root name: complete"
15926,43941,kalleri,kalleri,avi,avi,gorkha,gorkha,3.0,"District: complete, School level: complete, Root name: complete"
16112,24683,rajeshvari,rajeshwari,avi,avi,saptari,saptari,3.0,"District: complete, School level: complete, Root name: complete"
16151,22655,narayana,narayan,mavi,mavi,sarlahi,sarlahi,3.0,"District: complete, School level: complete, Root name: complete"
16176,24249,baudhi devi,baudhi devi,mavi,mavi,sarlahi,sarlahi,3.0,"District: complete, School level: complete, Root name: complete"
16394,23753,rashtiya,rastriya,pravi,pravi,siraha,siraha,3.0,"District: complete, School level: complete, Root name: complete"
16422,63109,himalaya,himalaya u,mavi,mavi,dailekh,dailekh,3.0,"District: complete, School level: complete, Root name: complete"
16444,24166,shivana phuniya devi janata,sivan funiya devi janta,mavi,mavi,sarlahi,sarlahi,3.0,"District: complete, School level: complete, Root name: complete"
16467,16151,jitapura,jitpur,mavi,mavi,ilam,ilam,3.0,"District: complete, School level: complete, Root name: complete"
16641,7387,bhagavati,bhagawati,pravi,pravi,bajura,bajura,3.0,"District: complete, School level: complete, Root name: complete"
16694,24256,bhojabhagata,bhojbhagat,mavi,mavi,bara,bara,3.0,"District: complete, School level: complete, Root name: complete"
16761,24876,yadava,yadav,mavi,mavi,dhanusha,dhanusha,3.0,"District: complete, School level: complete, Root name: complete"
16900,24377,janata,janata,mavi,mavi,bara,bara,3.0,"District: complete, School level: complete, Root name: complete"
16948,24815,brahamapuri,brahmapur,mavi,mavi,rautahat,rautahat,3.0,"District: complete, School level: complete, Root name: complete"
16986,63209,mahadeva,mahadev,mavi,mavi,kalikot,kalikot,3.0,"District: complete, School level: complete, Root name: complete"
16997,44032,purkota,purkot,mavi,mavi,tanahun,tanahun,3.0,"District: complete, School level: complete, Root name: complete"
17227,7979,devi sthala,devisthala,pravi,pravi,achham,achham,3.0,"District: complete, School level: complete, Root name: complete"
17299,73086,pa~ncha jyoti,panchajyoti,nimavi,nimavi,achham,achham,3.0,"District: complete, School level: complete, Root name: complete"
17355,74303,siddhiganesha,siddhi ganesh,pravi,pravi,achham,achham,3.0,"District: complete, School level: complete, Root name: complete"
17412,63121,janajyoti,jana jyoti,avi,avi,salyan,salyan,3.0,"District: complete, School level: complete, Root name: complete"
17415,73918,bhagavati,bhagawati,nimavi,nimavi,achham,achham,3.0,"District: complete, School level: complete, Root name: complete"
17423,72975,navadurga,nawadurga,mavi,mavi,achham,achham,3.0,"District: complete, School level: complete, Root name: complete"
17686,63159,jivana jyoti,jivan jyoti,mavi,mavi,surkhet,surkhet,3.0,"District: complete, School level: complete, Root name: complete"
17789,35326,ramachandra bha~njya~nga,ram chandra bhanjyang,pravi,pravi,makwanpur,makwanpur,3.0,"District: complete, School level: complete, Root name: complete"
17807,74137,sarasvati,saraswati,mavi,mavi,kailali,kailali,3.0,"District: complete, School level: complete, Root name: complete"
17860,13857,mamgaladevi,mangaladevi,mavi,mavi,sankhuwasabha,sankhuwasabha,3.0,"District: complete, School level: complete, Root name: complete"
17876,16515,triveni,triveni,mavi,mavi,sankhuwasabha,sankhuwasabha,3.0,"District: complete, School level: complete, Root name: complete"
17980,21349,janata,janata,mavi,mavi,rautahat,rautahat,3.0,"District: complete, School level: complete, Root name: complete"
18008,12873,jorasalla,jor salla,pravi,pravi,sankhuwasabha,sankhuwasabha,3.0,"District: complete, School level: complete, Root name: complete"
18015,63404,tharpu,tharpu,mavi,mavi,jajarkot,jajarkot,3.0,"District: complete, School level: complete, Root name: complete"
18073,15706,shahida shukraraja,shahid sukraraj,nimavi,nimavi,panchthar,panchthar,3.0,"District: complete, School level: complete, Root name: complete"
18118,13196,kheti,kheti,pravi,pravi,khotang,khotang,3.0,"District: complete, School level: complete, Root name: complete"
18305,15307,samkalpa,sankalpa,pravi,pravi,ilam,ilam,3.0,"District: complete, School level: complete, Root name: complete"
18499,61730,kupindeshvari,kupindeshwari,pravi,pravi,salyan,salyan,3.0,"District: complete, School level: complete, Root name: complete"
18502,6166,bala sarasvati,bal saraswati,pravi,pravi,salyan,salyan,3.0,"District: complete, School level: complete, Root name: complete"
18520,62744,sarasvati,saraswati,pravi,pravi,salyan,salyan,3.0,"District: complete, School level: complete, Root name: complete"
18764,44026,prabhata,prabhat,mavi,mavi,tanahun,tanahun,3.0,"District: complete, School level: complete, Root name: complete"
18791,3510,balakumari,bal kumari,mavi,mavi,chitwan,chitwan,3.0,"District: complete, School level: complete, Root name: complete"
18814,36460,janapriya,jana priya,mavi,mavi,chitwan,chitwan,3.0,"District: complete, School level: complete, Root name: complete"
18912,32493,indra jyoti,indrajyoti,pravi,pravi,sindhuli,sindhuli,3.0,"District: complete, School level: complete, Root name: complete"
18925,24241,,,avi,avi,sarlahi,sarlahi,3.0,"District: complete, School level: complete, Root name: complete"
18972,21510,janata,janata,mavi,mavi,siraha,siraha,3.0,"District: complete, School level: complete, Root name: complete"
19036,23753,rashtriya,rastriya,pravi,pravi,siraha,siraha,3.0,"District: complete, School level: complete, Root name: complete"
19037,21369,janata,janata,avi,avi,saptari,saptari,3.0,"District: complete, School level: complete, Root name: complete"
19081,16151,jitapura,jitpur,mavi,mavi,ilam,ilam,3.0,"District: complete, School level: complete, Root name: complete"
19152,11091,chandrasurya,chandra surya,pravi,pravi,ilam,ilam,3.0,"District: complete, School level: complete, Root name: complete"
19283,71226,gamgori,gangori,pravi,pravi,doti,doti,3.0,"District: complete, School level: complete, Root name: complete"
19337,61618,kalika,kalika,nimavi,nimavi,kalikot,kalikot,3.0,"District: complete, School level: complete, Root name: complete"
19339,63231,motirama,motiram,mavi,mavi,kalikot,kalikot,3.0,"District: complete, School level: complete, Root name: complete"
19373,21411,janata,janata,mavi,mavi,saptari,saptari,3.0,"District: complete, School level: complete, Root name: complete"
19447,35228,,,pravi,pravi,sindhuli,sindhuli,3.0,"District: complete, School level: complete, Root name: complete"
19465,72307,krrishna,krishna,mavi,mavi,darchula,darchula,3.0,"District: complete, School level: complete, Root name: complete"
19499,71478,hunainatha,hunai nath,mavi,mavi,darchula,darchula,3.0,"District: complete, School level: complete, Root name: complete"
19523,24337,janata,janata,nimavi,nimavi,saptari,saptari,3.0,"District: complete, School level: complete, Root name: complete"
19590,24217,baijanatha,baijanta,avi,avi,rautahat,rautahat,3.0,"District: complete, School level: complete, Root name: complete"
19650,21405,janata,janata,mavi,mavi,dhanusha,dhanusha,3.0,"District: complete, School level: complete, Root name: complete"
19710,63224,manne dhu~nga,manne dhunga,mavi,mavi,jajarkot,jajarkot,3.0,"District: complete, School level: complete, Root name: complete"
19766,36764,ratapura,ratapur,nimavi,nimavi,chitwan,chitwan,3.0,"District: complete, School level: complete, Root name: complete"
19780,61405,janata,janata,mavi,mavi,salyan,salyan,3.0,"District: complete, School level: complete, Root name: complete"
19800,24481,mohana,mohan,mavi,mavi,siraha,siraha,3.0,"District: complete, School level: complete, Root name: complete"
19895,24644,pamchadhura,panchadhura,mavi,mavi,mahottari,mahottari,3.0,"District: complete, School level: complete, Root name: complete"
19905,21418,janata,janata,mavi,mavi,bara,bara,3.0,"District: complete, School level: complete, Root name: complete"
19915,36468,janajagrriti,jana jagriti,mavi,mavi,sindhuli,sindhuli,3.0,"District: complete, School level: complete, Root name: complete"
19934,36696,mahendra,mahendra,mavi,mavi,lalitpur,lalitpur,3.0,"District: complete, School level: complete, Root name: complete"
19955,73595,sarasvati,saraswati,mavi,mavi,achham,achham,3.0,"District: complete, School level: complete, Root name: complete"
20000,7342,badhapala,bathapala,pravi,pravi,bajhang,bajhang,3.0,"District: complete, School level: complete, Root name: complete"
20003,43801,bhanu samskrrita,bhanu sanskrit,mavi,mavi,tanahun,tanahun,3.0,"District: complete, School level: complete, Root name: complete"
20020,36546,kalika,kalika,nimavi,nimavi,sindhuli,sindhuli,3.0,"District: complete, School level: complete, Root name: complete"
20062,35869,khayarasala,khayarsal,mavi,mavi,sindhuli,sindhuli,3.0,"District: complete, School level: complete, Root name: complete"
20131,72547,mahendra,mahendra,mavi,mavi,bajhang,bajhang,3.0,"District: complete, School level: complete, Root name: complete"
20138,44085,sharada,sharada,avi,avi,parbat,parbat,3.0,"District: complete, School level: complete, Root name: complete"
20169,74178,sitarama,sitaram,mavi,mavi,doti,doti,3.0,"District: complete, School level: complete, Root name: complete"
20186,36724,pratibha,pratibha,pravi,pravi,kavrepalanchok,kavrepalanchok,3.0,"District: complete, School level: complete, Root name: complete"
20196,74042,krrishna,krishna,mavi,mavi,baitadi,baitadi,3.0,"District: complete, School level: complete, Root name: complete"
20269,21398,janata,janata,mavi,mavi,mahottari,mahottari,3.0,"District: complete, School level: complete, Root name: complete"
20341,43903,janajagrriti,janajagriti,mavi,mavi,gorkha,gorkha,3.0,"District: complete, School level: complete, Root name: complete"
20392,43829,chandravati,chandrawati,mavi,mavi,tanahun,tanahun,3.0,"District: complete, School level: complete, Root name: complete"
20394,43939,kalika,kalika,mavi,mavi,tanahun,tanahun,3.0,"District: complete, School level: complete, Root name: complete"
20411,6578,cha~nla himala,chanla himal,pravi,pravi,humla,humla,3.0,"District: complete, School level: complete, Root name: complete"
20417,73248,purnachandra,purnachandra,mavi,mavi,achham,achham,3.0,"District: complete, School level: complete, Root name: complete"
20453,3274,arunodaya,arunodaya,mavi,mavi,sindhuli,sindhuli,3.0,"District: complete, School level: complete, Root name: complete"
20468,24377,janata,janata,mavi,mavi,bara,bara,3.0,"District: complete, School level: complete, Root name: complete"
20500,74139,sarasvati,saraswati,mavi,mavi,doti,doti,3.0,"District: complete, School level: complete, Root name: complete"
20529,32849,janakalyana,jana kalyan,nimavi,nimavi,sindhuli,sindhuli,3.0,"District: complete, School level: complete, Root name: complete"
20616,21845,la ra,la ra,pravi,pravi,siraha,siraha,3.0,"District: complete, School level: complete, Root name: complete"
20644,11617,ganesha,ganesh,pravi,pravi,taplejung,taplejung,3.0,"District: complete, School level: complete, Root name: complete"
20743,21382,janata,janata,avi,avi,mahottari,mahottari,3.0,"District: complete, School level: complete, Root name: complete"
20794,16388,sarasvati,saraswati,mavi,mavi,sunsari,sunsari,3.0,"District: complete, School level: complete, Root name: complete"
20813,34840,pa~nchakanya,pancha kanya,mavi,mavi,bhaktapur,bhaktapur,3.0,"District: complete, School level: complete, Root name: complete"
20914,33296,kamala,kamala,nimavi,nimavi,sindhuli,sindhuli,3.0,"District: complete, School level: complete, Root name: complete"
20988,16141,janata,janata,mavi,mavi,jhapa,jhapa,3.0,"District: complete, School level: complete, Root name: complete"
20990,16429,sharada,sharda,mavi,mavi,sunsari,sunsari,3.0,"District: complete, School level: complete, Root name: complete"
21072,15547,sarasvati,saraswati,pravi,pravi,dhankuta,dhankuta,3.0,"District: complete, School level: complete, Root name: complete"
21081,16389,sarasvati,saraswati,mavi,mavi,tehrathum,tehrathum,3.0,"District: complete, School level: complete, Root name: complete"
21157,1495,balamakara,balmakar,mavi,mavi,tehrathum,tehrathum,3.0,"District: complete, School level: complete, Root name: complete"
21220,36580,krrishna,krishna,pravi,pravi,sindhuli,sindhuli,3.0,"District: complete, School level: complete, Root name: complete"
21228,54001,nepala rashtiya,nepal rastriya,avi,avi,bardiya,bardiya,3.0,"District: complete, School level: complete, Root name: complete"
21230,24402,janata,janata,avi,avi,saptari,saptari,3.0,"District: complete, School level: complete, Root name: complete"
21272,36633,mahendra,mahendra,avi,avi,bhaktapur,bhaktapur,3.0,"District: complete, School level: complete, Root name: complete"
21287,16478,simheshvari,simheswari,nimavi,nimavi,taplejung,taplejung,3.0,"District: complete, School level: complete, Root name: complete"
21298,74006,janata,janata,mavi,mavi,kailali,kailali,3.0,"District: complete, School level: complete, Root name: complete"
21384,21517,janahita malabhogiya munilala,janhit molbhogiya munilal,nimavi,nimavi,sarlahi,sarlahi,3.0,"District: complete, School level: complete, Root name: complete"
21393,24412,janata,janata,avi,avi,saptari,saptari,3.0,"District: complete, School level: complete, Root name: complete"
21480,23635,rama janaki,ram janaki,mavi,mavi,sarlahi,sarlahi,3.0,"District: complete, School level: complete, Root name: complete"
21490,12443,janashiksha,jana siksha,pravi,pravi,bhojpur,bhojpur,3.0,"District: complete, School level: complete, Root name: complete"
21682,15789,sharada,sharada,mavi,mavi,sankhuwasabha,sankhuwasabha,3.0,"District: complete, School level: complete, Root name: complete"
21707,42127,kalika,kalika,pravi,pravi,gorkha,gorkha,3.0,"District: complete, School level: complete, Root name: complete"
21960,44046,rashtriya,rastriya,mavi,mavi,tanahun,tanahun,3.0,"District: complete, School level: complete, Root name: complete"
21990,74524,tripura,tripur,pravi,pravi,baitadi,baitadi,3.0,"District: complete, School level: complete, Root name: complete"
22104,21349,janata,janata,mavi,mavi,rautahat,rautahat,3.0,"District: complete, School level: complete, Root name: complete"
22116,35313,raktakali,rakta kali,pravi,pravi,dhading,dhading,3.0,"District: complete, School level: complete, Root name: complete"
22132,21421,janata,janata,avi,avi,parsa,parsa,3.0,"District: complete, School level: complete, Root name: complete"
22151,21645,janata,janta,mavi,mavi,sarlahi,sarlahi,3.0,"District: complete, School level: complete, Root name: complete"
22202,15768,sharada,sarada,nimavi,nimavi,sankhuwasabha,sankhuwasabha,3.0,"District: complete, School level: complete, Root name: complete"
22252,52062,jivana jyoti,jana jyoti,mavi,mavi,rolpa,rolpa,3.0,"District: complete, School level: complete, Root name: complete"
22296,61335,janata,janata,nimavi,nimavi,jajarkot,jajarkot,3.0,"District: complete, School level: complete, Root name: complete"
22312,24378,janata,janata,mavi,mavi,sarlahi,sarlahi,3.0,"District: complete, School level: complete, Root name: complete"
22349,63095,durga,durga,mavi,mavi,kalikot,kalikot,3.0,"District: complete, School level: complete, Root name: complete"
22350,61456,jana jyoti,jivan jyoti,mavi,mavi,surkhet,surkhet,3.0,"District: complete, School level: complete, Root name: complete"
22565,74137,sarasvati,saraswati,mavi,mavi,kailali,kailali,3.0,"District: complete, School level: complete, Root name: complete"
22578,12679,janata kalyana,janta kalyan,nimavi,nimavi,ilam,ilam,3.0,"District: complete, School level: complete, Root name: complete"
22579,63148,janata,janta,mavi,mavi,jajarkot,jajarkot,3.0,"District: complete, School level: complete, Root name: complete"
22586,24256,bhoja bhagata,bhojbhagat,mavi,mavi,bara,bara,3.0,"District: complete, School level: complete, Root name: complete"
22598,54627,rashtiya,rastriya,mavi,mavi,nawalparasi,nawalparasi,3.0,"District: complete, School level: complete, Root name: complete"
22662,33122,kalisetidevi,kali seti devi,nimavi,nimavi,lalitpur,lalitpur,3.0,"District: complete, School level: complete, Root name: complete"
22721,34893,pa~nchamilana kaladevi,panchamilan kala devi,avi,avi,nuwakot,nuwakot,3.0,"District: complete, School level: complete, Root name: complete"
22760,35778,sarasvati,saraswati,mavi,mavi,sindhuli,sindhuli,3.0,"District: complete, School level: complete, Root name: complete"
22811,33275,kamala,kamala,mavi,mavi,sindhuli,sindhuli,3.0,"District: complete, School level: complete, Root name: complete"
22846,73783,sharada,sarada,mavi,mavi,bajhang,bajhang,3.0,"District: complete, School level: complete, Root name: complete"
22917,62855,sarasvati,saraswati,mavi,mavi,kalikot,kalikot,3.0,"District: complete, School level: complete, Root name: complete"
22962,36687,netrakali,netra kali,mavi,mavi,sindhuli,sindhuli,3.0,"District: complete, School level: complete, Root name: complete"
22966,23982,sarasvati,saraswati,mavi,mavi,mahottari,mahottari,3.0,"District: complete, School level: complete, Root name: complete"
22981,16369,sarasvati,saraswati,pravi,pravi,jhapa,jhapa,3.0,"District: complete, School level: complete, Root name: complete"
22989,63175,kalika,kalika,mavi,mavi,kalikot,kalikot,3.0,"District: complete, School level: complete, Root name: complete"
23029,36729,mahamamndala,mahamandal,pravi,pravi,sindhuli,sindhuli,3.0,"District: complete, School level: complete, Root name: complete"
23058,31614,devitara,devitar,avi,avi,dolakha,dolakha,3.0,"District: complete, School level: complete, Root name: complete"
23060,63159,jivanajyoti,jivan jyoti,mavi,mavi,surkhet,surkhet,3.0,"District: complete, School level: complete, Root name: complete"
23067,63473,sita,sita,nimavi,nimavi,jajarkot,jajarkot,3.0,"District: complete, School level: complete, Root name: complete"
23226,55304,balakalyana namuna,bal kalyan namuna,avi,avi,rolpa,rolpa,3.0,"District: complete, School level: complete, Root name: complete"
23232,15882,shivalaya,shivalaya,mavi,mavi,okhaldhunga,okhaldhunga,3.0,"District: complete, School level: complete, Root name: complete"
23279,15988,bhagavati,bhagawati,nimavi,nimavi,panchthar,panchthar,3.0,"District: complete, School level: complete, Root name: complete"
23292,74152,sharada,sarada,mavi,mavi,baitadi,baitadi,3.0,"District: complete, School level: complete, Root name: complete"
23308,72078,kalapokhari,kalpokhari,pravi,pravi,baitadi,baitadi,3.0,"District: complete, School level: complete, Root name: complete"
23312,74023,kaphalashaini,kaphalasai,mavi,mavi,baitadi,baitadi,3.0,"District: complete, School level: complete, Root name: complete"
23315,73353,rashtiya,rastriya,mavi,mavi,baitadi,baitadi,3.0,"District: complete, School level: complete, Root name: complete"
23456,63132,janajyoti,jana jyoti,mavi,mavi,kalikot,kalikot,3.0,"District: complete, School level: complete, Root name: complete"
23470,72162,kedara,kedar,mavi,mavi,bajhang,bajhang,3.0,"District: complete, School level: complete, Root name: complete"
23488,63120,janajagrriti,jana jagriti,mavi,mavi,kalikot,kalikot,3.0,"District: complete, School level: complete, Root name: complete"
23523,63347,sarasvati,saraswati,nimavi,nimavi,jajarkot,jajarkot,3.0,"District: complete, School level: complete, Root name: complete"
23653,63178,kalika,kalika,mavi,mavi,mugu,mugu,3.0,"District: complete, School level: complete, Root name: complete"
23654,71068,durga,dhurga,nimavi,nimavi,achham,achham,3.0,"District: complete, School level: complete, Root name: complete"
23726,15924,ajambari,ajambar,pravi,pravi,solukhumbu,solukhumbu,3.0,"District: complete, School level: complete, Root name: complete"
23729,61629,kanjirova,kanjirowa,pravi,pravi,dolpa,dolpa,3.0,"District: complete, School level: complete, Root name: complete"
23758,16105,janajyoti,jana jyoti,mavi,mavi,jhapa,jhapa,3.0,"District: complete, School level: complete, Root name: complete"
23762,16237,mahendra,mahendra,avi,avi,jhapa,jhapa,3.0,"District: complete, School level: complete, Root name: complete"
23767,16049,dilliraja,dilliraj,mavi,mavi,jhapa,jhapa,3.0,"District: complete, School level: complete, Root name: complete"
23770,55818,vidyajyoti,bidya jyoti,mavi,mavi,bardiya,bardiya,3.0,"District: complete, School level: complete, Root name: complete"
23797,44066,sarasvati sadana,saraswati sadan,mavi,mavi,tanahun,tanahun,3.0,"District: complete, School level: complete, Root name: complete"
23807,55873,siddhamandali,siddha mandali,mavi,mavi,rukum purba,rukum purba,3.0,"District: complete, School level: complete, Root name: complete"
23813,63183,karnali,karnali,mavi,mavi,kalikot,kalikot,3.0,"District: complete, School level: complete, Root name: complete"
23829,73962,durga,durga,pravi,pravi,darchula,darchula,3.0,"District: complete, School level: complete, Root name: complete"
23837,74127,salledhara,shalledhar,mavi,mavi,darchula,darchula,3.0,"District: complete, School level: complete, Root name: complete"
23903,55511,jivanoddhara,jivanoddhar,mavi,mavi,gulmi,gulmi,3.0,"District: complete, School level: complete, Root name: complete"
24032,15548,sarasvati,saraswati,pravi,pravi,dhankuta,dhankuta,3.0,"District: complete, School level: complete, Root name: complete"
24041,12269,jalpa devi,jalpadevi,nimavi,nimavi,dhankuta,dhankuta,3.0,"District: complete, School level: complete, Root name: complete"
24095,11733,golmarani,golma rani,pravi,pravi,bhojpur,bhojpur,3.0,"District: complete, School level: complete, Root name: complete"
24107,14062,mukti,mukti,pravi,pravi,bhojpur,bhojpur,3.0,"District: complete, School level: complete, Root name: complete"
24163,21379,janata,janata,pravi,pravi,siraha,siraha,3.0,"District: complete, School level: complete, Root name: complete"
24237,62934,shanti,shanti,pravi,pravi,jumla,jumla,3.0,"District: complete, School level: complete, Root name: complete"
24245,1621,bhagavati,bhagawati,pravi,pravi,tehrathum,tehrathum,3.0,"District: complete, School level: complete, Root name: complete"
24272,15923,agrakhe,agrakhe,pravi,pravi,tehrathum,tehrathum,3.0,"District: complete, School level: complete, Root name: complete"
24391,61406,janata,janta,mavi,mavi,kalikot,kalikot,3.0,"District: complete, School level: complete, Root name: complete"
24530,52940,lokatantrika,loktantik,pravi,pravi,banke,banke,3.0,"District: complete, School level: complete, Root name: complete"
24573,7847,chapali,chapali,mavi,mavi,doti,doti,3.0,"District: complete, School level: complete, Root name: complete"
24606,73992,indra,indra,mavi,mavi,doti,doti,3.0,"District: complete, School level: complete, Root name: complete"
24617,61556,kalika,kalika,pravi,pravi,kalikot,kalikot,3.0,"District: complete, School level: complete, Root name: complete"
24623,7679,bhuvaneshvari,bhuvaneshwori,mavi,mavi,dadeldhura,dadeldhura,3.0,"District: complete, School level: complete, Root name: complete"
24652,72513,mahakali,mahakali,pravi,pravi,dadeldhura,dadeldhura,3.0,"District: complete, School level: complete, Root name: complete"
24666,63268,ne ra,ne ra,nimavi,nimavi,dailekh,dailekh,3.0,"District: complete, School level: complete, Root name: complete"
24682,62220,ne ra,nera,pravi,pravi,dailekh,dailekh,3.0,"District: complete, School level: complete, Root name: complete"
24811,16027,chandrakala,chandra kala,pravi,pravi,solukhumbu,solukhumbu,3.0,"District: complete, School level: complete, Root name: complete"
24832,6523,buddha,buddha,mavi,mavi,mugu,mugu,3.0,"District: complete, School level: complete, Root name: complete"
24946,16090,jalimadevi,jalim devi,pravi,pravi,solukhumbu,solukhumbu,3.0,"District: complete, School level: complete, Root name: complete"
24984,14614,pashupati,pashupati,nimavi,nimavi,jhapa,jhapa,3.0,"District: complete, School level: complete, Root name: complete"
24995,35736,sarasvati,saraswati,mavi,mavi,chitwan,chitwan,3.0,"District: complete, School level: complete, Root name: complete"
25049,36494,janata,janata,pravi,pravi,ramechhap,ramechhap,3.0,"District: complete, School level: complete, Root name: complete"
25124,3878,bhima,bhim,mavi,mavi,kathmandu,kathmandu,3.0,"District: complete, School level: complete, Root name: complete"
25166,44089,shitala,shitala,mavi,mavi,syangja,syangja,3.0,"District: complete, School level: complete, Root name: complete"
25175,21388,janata,janata,pravi,pravi,siraha,siraha,3.0,"District: complete, School level: complete, Root name: complete"
25241,61450,jivana jyoti,jivan jyoti,pravi,pravi,surkhet,surkhet,3.0,"District: complete, School level: complete, Root name: complete"
25261,7113,arunodaya,arunodaya,mavi,mavi,kailali,kailali,3.0,"District: complete, School level: complete, Root name: complete"
25275,52096,jana kalyana,jana kalyan,mavi,mavi,banke,banke,3.0,"District: complete, School level: complete, Root name: complete"
25282,24264,virendra,birendra,avi,avi,rautahat,rautahat,3.0,"District: complete, School level: complete, Root name: complete"
25301,36857,sharada,sharada,mavi,mavi,kavrepalanchok,kavrepalanchok,3.0,"District: complete, School level: complete, Root name: complete"
25304,24850,sharada,sarada,mavi,mavi,rautahat,rautahat,3.0,"District: complete, School level: complete, Root name: complete"
25363,54072,nepala rashtiya,nepal rastriya,mavi,mavi,rolpa,rolpa,3.0,"District: complete, School level: complete, Root name: complete"
25401,3860,bhanu,bhanu,mavi,mavi,chitwan,chitwan,3.0,"District: complete, School level: complete, Root name: complete"
25469,32184,gu~nja nagara,gunjanagar,mavi,mavi,chitwan,chitwan,3.0,"District: complete, School level: complete, Root name: complete"
25526,74196,udaya,udaya,mavi,mavi,baitadi,baitadi,3.0,"District: complete, School level: complete, Root name: complete"
25574,37557,devi,devi,pravi,pravi,ramechhap,ramechhap,3.0,"District: complete, School level: complete, Root name: complete"
25575,63109,himalaya,himalaya u,mavi,mavi,dailekh,dailekh,3.0,"District: complete, School level: complete, Root name: complete"
25744,12183,jalapa,jalpa,mavi,mavi,okhaldhunga,okhaldhunga,3.0,"District: complete, School level: complete, Root name: complete"
25987,43170,rajata jayanti,rajat jayanti,pravi,pravi,baglung,baglung,3.0,"District: complete, School level: complete, Root name: complete"
26057,55542,krrishna,krishna,mavi,mavi,rolpa,rolpa,3.0,"District: complete, School level: complete, Root name: complete"
26080,63307,pa~nchadeva,pancha dev,mavi,mavi,kalikot,kalikot,3.0,"District: complete, School level: complete, Root name: complete"
26127,36549,kamada,kamada,mavi,mavi,sindhuli,sindhuli,3.0,"District: complete, School level: complete, Root name: complete"
26306,1723,bhanu,bhanu,mavi,mavi,jhapa,jhapa,3.0,"District: complete, School level: complete, Root name: complete"
26313,44076,satyavati devi,satyawati devi,avi,avi,tanahun,tanahun,3.0,"District: complete, School level: complete, Root name: complete"
26455,71418,harishachandra,hari chandra,pravi,pravi,bajhang,bajhang,3.0,"District: complete, School level: complete, Root name: complete"
26505,61341,janata,janata,pravi,pravi,salyan,salyan,3.0,"District: complete, School level: complete, Root name: complete"
26525,55090,shakha,shakha,pravi,pravi,rolpa,rolpa,3.0,"District: complete, School level: complete, Root name: complete"
26559,769,alkapuri,alkapuri,mavi,mavi,darchula,darchula,3.0,"District: complete, School level: complete, Root name: complete"
26581,36348,chandika,chandika,mavi,mavi,sindhuli,sindhuli,3.0,"District: complete, School level: complete, Root name: complete"
26633,72798,moti mahila samgha,moti mahila sangh,pravi,pravi,darchula,darchula,3.0,"District: complete, School level: complete, Root name: complete"
26646,71211,ganesha,ganesh,mavi,mavi,darchula,darchula,3.0,"District: complete, School level: complete, Root name: complete"
26758,1733,bairati,bharati,pravi,pravi,jhapa,jhapa,3.0,"District: complete, School level: complete, Root name: complete"
26792,52453,janata,janata,avi,avi,nawalparasi,nawalparasi,3.0,"District: complete, School level: complete, Root name: complete"
26870,55266,adarsha,adarsha,avi,avi,arghakhanchi,arghakhanchi,3.0,"District: complete, School level: complete, Root name: complete"
26877,36235,vanaspati,banaspati,pravi,pravi,lalitpur,lalitpur,3.0,"District: complete, School level: complete, Root name: complete"
26906,12694,janata,janta,mavi,mavi,morang,morang,3.0,"District: complete, School level: complete, Root name: complete"
26918,6136,bala kalyana,bal kalyan,pravi,pravi,salyan,salyan,3.0,"District: complete, School level: complete, Root name: complete"
26967,62874,satya,satya,pravi,pravi,humla,humla,3.0,"District: complete, School level: complete, Root name: complete"
27011,5459,bala kalyana,bal kalyan,mavi,mavi,rolpa,rolpa,3.0,"District: complete, School level: complete, Root name: complete"
27131,56345,uttama balahita,uttam balhit,avi,avi,nawalparasi,nawalparasi,3.0,"District: complete, School level: complete, Root name: complete"
27308,12420,janapremi,jana premi,mavi,mavi,udayapur,udayapur,3.0,"District: complete, School level: complete, Root name: complete"
27374,61938,malika,malika,pravi,pravi,mugu,mugu,3.0,"District: complete, School level: complete, Root name: complete"
27382,52699,kaule,kaule,pravi,pravi,gulmi,gulmi,3.0,"District: complete, School level: complete, Root name: complete"
27539,15912,adarsha,adarsha,mavi,mavi,sankhuwasabha,sankhuwasabha,3.0,"District: complete, School level: complete, Root name: complete"
27635,15117,rosha bha~njya~na,rosha bhanjyang,pravi,pravi,khotang,khotang,3.0,"District: complete, School level: complete, Root name: complete"
27779,35194,pra~nabo samajakalyana,prangbo samajkalyan,pravi,pravi,sindhuli,sindhuli,3.0,"District: complete, School level: complete, Root name: complete"
27780,36475,janakalyana,jana kalyan,nimavi,nimavi,sindhuli,sindhuli,3.0,"District: complete, School level: complete, Root name: complete"
27827,37609,ujyalo,ujyalo,pravi,pravi,sindhuli,sindhuli,3.0,"District: complete, School level: complete, Root name: complete"
27837,36635,mahendra pratapa,mahendra pratap,mavi,mavi,sindhupalchok,sindhupalchok,3.0,"District: complete, School level: complete, Root name: complete"
27881,36226,balajyoti,bal jyoti,mavi,mavi,ramechhap,ramechhap,3.0,"District: complete, School level: complete, Root name: complete"
27992,24424,janata,janata,pravi,pravi,siraha,siraha,3.0,"District: complete, School level: complete, Root name: complete"
28019,74654,yuvashakti,yuwa shakti,pravi,pravi,bajhang,bajhang,3.0,"District: complete, School level: complete, Root name: complete"
28020,44005,nirjala,nirjala,avi,avi,tanahun,tanahun,3.0,"District: complete, School level: complete, Root name: complete"
28056,11038,champadevi,champadevi,mavi,mavi,okhaldhunga,okhaldhunga,3.0,"District: complete, School level: complete, Root name: complete"
28077,6728,dhruvatara,dhrubatara,pravi,pravi,salyan,salyan,3.0,"District: complete, School level: complete, Root name: complete"
28122,31593,devi,devi,mavi,mavi,bhaktapur,bhaktapur,3.0,"District: complete, School level: complete, Root name: complete"
28162,63098,gaidabaja,gaidabajh,mavi,mavi,dailekh,dailekh,3.0,"District: complete, School level: complete, Root name: complete"
28220,14532,pa~nchami,panchami,pravi,pravi,dhankuta,dhankuta,3.0,"District: complete, School level: complete, Root name: complete"
28261,36550,kamala,kamala,avi,avi,makwanpur,makwanpur,3.0,"District: complete, School level: complete, Root name: complete"
28303,53808,namuna,namuna,pravi,pravi,banke,banke,3.0,"District: complete, School level: complete, Root name: complete"
28542,72282,krrishna,krishna,pravi,pravi,bajhang,bajhang,3.0,"District: complete, School level: complete, Root name: complete"
28561,21874,loka samudayika,lok samudaik,pravi,pravi,bara,bara,3.0,"District: complete, School level: complete, Root name: complete"
28608,72111,kanya,kanya,mavi,mavi,bajhang,bajhang,3.0,"District: complete, School level: complete, Root name: complete"
28785,55762,shanti,shanti,avi,avi,kapilbastu,kapilbastu,3.0,"District: complete, School level: complete, Root name: complete"
28880,16110,janaki,janaki,avi,avi,jhapa,jhapa,3.0,"District: complete, School level: complete, Root name: complete"
28929,55531,khadga,khadga,pravi,pravi,pyuthan,pyuthan,3.0,"District: complete, School level: complete, Root name: complete"
28974,1181,anaramani,anarmani,pravi,pravi,jhapa,jhapa,3.0,"District: complete, School level: complete, Root name: complete"
29084,5972,buddha,buddha,pravi,pravi,bardiya,bardiya,3.0,"District: complete, School level: complete, Root name: complete"
29088,5972,buddha,buddha,pravi,pravi,bardiya,bardiya,3.0,"District: complete, School level: complete, Root name: complete"
29092,56193,svami paramananda,swami parmananda,pravi,pravi,bardiya,bardiya,3.0,"District: complete, School level: complete, Root name: complete"
29094,71499,jagadamba,jagadamba,mavi,mavi,baitadi,baitadi,3.0,"District: complete, School level: complete, Root name: complete"
29226,73982,ghatala,ghatal,mavi,mavi,baitadi,baitadi,3.0,"District: complete, School level: complete, Root name: complete"
29244,72200,kedaranatha,kedarnath,avi,avi,darchula,darchula,3.0,"District: complete, School level: complete, Root name: complete"
29246,71101,durga latinatha,durga latainath,avi,avi,darchula,darchula,3.0,"District: complete, School level: complete, Root name: complete"
29296,32873,janasevi,janasebi,pravi,pravi,sindhuli,sindhuli,3.0,"District: complete, School level: complete, Root name: complete"
29429,61850,mahadeva,mahadev,pravi,pravi,salyan,salyan,3.0,"District: complete, School level: complete, Root name: complete"
29430,6346,bhairavi,bhairabi,pravi,pravi,salyan,salyan,3.0,"District: complete, School level: complete, Root name: complete"
29437,62744,sarasvati,saraswati,pravi,pravi,salyan,salyan,3.0,"District: complete, School level: complete, Root name: complete"
29517,55267,adhara,adhar,pravi,pravi,pyuthan,pyuthan,3.0,"District: complete, School level: complete, Root name: complete"
29677,42443,madarsha gausiya,madarsha gaushiya,pravi,pravi,tanahun,tanahun,3.0,"District: complete, School level: complete, Root name: complete"
29826,61008,himashikhara,himsikhar,pravi,pravi,humla,humla,3.0,"District: complete, School level: complete, Root name: complete"
 