school_id,name,location,ward,local_level_id,local_level,district_id,district,province_id,province,old_name1,old_name2,old_name3
10,Shree MedhawiÂ  Boarding School,"Dhobiyare,",7,409,Gramthan Rural Municipality,6,Morang,1,Koshi Province,,,
11,13 Balbalika Smriti Basic School,Bahattar Bigha,6,725,Ramdhuni Municipality,11,Sunsari,1,Koshi Province,Balbalika Smriti Pra V,,
12,A One Quality School,Biratnagar,3,406,Biratnagar Metropolitan City,6,Morang,1,Koshi Province,,,
13,A-One montessori Pre-primary School,Damak,16,264,Damak Municipality,4,Jhapa,1,Koshi Province,,,
14,Aa vi Churumpha,Valayadana,8,778,Udayapurgadhi Rural Municipality,14,Udayapur,1,Koshi Province,Ni Ma V Churumpha,,
15,Aa Vi Murme,udayapurgadhi,1,778,Udayapurgadhi Rural Municipality,14,Udayapur,1,Koshi Province,Aadharboot School Murme,Ni Ma V Murme,
16,Aa. V Titribote,Titribote,6,771,Belaka Municipality,14,Udayapur,1,Koshi Province,Pra V Titribote,,
17,Aa. Vi. Ratmate,udayapur,9,777,Triyuga Municipality,14,Udayapur,1,Koshi Province,Aa. Vi. Ratmate (1-8),Ni Ma V Ratmate,
18,Aadarsha Basic School Satpatre,SATPATRE,3,771,Belaka Municipality,14,Udayapur,1,Koshi Province,,,
19,Aadarsha Gyankunja Academy,Bhojpur,9,97,Bhojpur Municipality,1,Bhojpur,1,Koshi Province,,,
110,Aadarsha Secondary English Boarding School,Siddhartha,1,405,Belbari Municipality,6,Morang,1,Koshi Province,,,
111,"Aadharbhut Bidyalaya  Hardiya, Dharan-4,Sunsari(Nepal)","Dharan  4 , Hardiya",4,718,Dharan Sub Metropolitan City,11,Sunsari,1,Koshi Province,"Aadharbhut Bidyalaya  Hardiya, Dharan-4",Aadharbhut Bidhyalaya  Hardiya,Ni Ma V Hardiya
112,Aadharbhut vidhyalaya Khairaha,Chaudandigadhi,10,772,Chaudandigadhi Municipality,14,Udayapur,1,Koshi Province,Pra V Khairaha,,
113,Aadharvut Bidyalaya Bardanda,Bardanda,10,773,Katari Municipality,14,Udayapur,1,Koshi Province,Pra V Bardanda,,
114,Aadharvut Bidyalaya(1-5) Lekhgaun,Lekhgaun,2,776,Tapli Rural Municipality,14,Udayapur,1,Koshi Province,Shree Basic School Lekhgaun,Pra V Lekhgau,
115,AAGEJUNG BASIC SCHOOL,BOJEDHARA,6,504,Yangwarak Rural Municipality,8,Panchthar,1,Koshi Province,Agejung Ni Ma V,,
116,Aagyansag Gumba Primary School,Rakhabangdel,1,352,Ainselukharka Rural Municipality,5,Khotang,1,Koshi Province,Aagyansag Gumba Pra V,,
117,Aamgachhi Pra V,Amgachhi,2,266,Gauriganj Rural Municipality,4,Jhapa,1,Koshi Province,Amgachhi Pra V,,
118,Aanandeshwor Gurukul Pathsala,Buddhashanti,1,263,Buddhashanti Rural Municipality,4,Jhapa,1,Koshi Province,,,
119,Aapdanda Babike,Pedang,5,763,Sirijangha Rural Municipality,12,Taplejung,1,Koshi Province,,,
120,Aarambha Vidya Mandir,Jhumka Laguna,5,725,Ramdhuni Municipality,11,Sunsari,1,Koshi Province,L N Memorial Model Ebs,,
121,Aaramva Bal Sikshalaya Ebs,Chakchaki,5,260,Bahradashi Rural Municipality,4,Jhapa,1,Koshi Province,,,
122,Aaruni English Boarding School,Balubadi,7,269,Kachankawal Rural Municipality,4,Jhapa,1,Koshi Province,Aaaruni English Boarding School,Aruni Ebs,
123,Aasha Academy Sunsari,Panbari,6,718,Dharan Sub Metropolitan City,11,Sunsari,1,Koshi Province,,,
124,"Aashin Basic School Koshi Rural Municipality 3, Sunsari",Prati Tole,3,724,Koshi Rural Municipality,11,Sunsari,1,Koshi Province,Aashin Pra V,,
125,Abacus Boarding School Birtamode Pvt.Ltd,Birtamode,4,262,Birtamod Municipality,4,Jhapa,1,Koshi Province,Gyan Jyoti Ebs,,
126,Abacus English Boarding School,Paurakhi Tole Purano Bhadrapur Road,4,262,Birtamod Municipality,4,Jhapa,1,Koshi Province,Abakash Ebs,,
127,Abha English Secondary Boarding School,Budhiganga Gaupalika,7,407,Budhiganga Rural Municipality,6,Morang,1,Koshi Province,Abha English secondary Boarding School,,
128,Abhijeet Dutta Basic School,New Tole,7,417,Rangeli Municipality,6,Morang,1,Koshi Province,Abijit Dtta Pra V,,
129,Acme Academy,Triyuga,6,777,Triyuga Municipality,14,Udayapur,1,Koshi Province,,,
130,Adarniya mavi,Sandakpur,1,250,Sandakpur Rural Municipality,3,Ilam,1,Koshi Province,Adarniya Adhar V,,
131,Adarsa Basic School,Sundarharaincha,11,419,Sundarharaincha Municipality,6,Morang,1,Koshi Province,Adarsa Pra V,,
132,Adarsha  Ma Vi,Jayapur,2,263,Buddhashanti Rural Municipality,4,Jhapa,1,Koshi Province,Adarsha Uchha Ma V,,
133,Adarsha  Madhyamik Vidhyalaya,Baklauri Bazaar,6,725,Ramdhuni Municipality,11,Sunsari,1,Koshi Province,Adarsha U Ma V,,
134,Adarsha  Secondary School,Punarbas,2,714,Barahkshetra Municipality,11,Sunsari,1,Koshi Province,Adarsha  Ma V,Adarsha Uchha Ma V,
135,Adarsha Adhar V,Santapur,6,263,Buddhashanti Rural Municipality,4,Jhapa,1,Koshi Province,Adarsha Pra V,,
136,Adarsha Adharbhoot Vidhyalaya,Amrang,5,626,Makalu Rural Municipality,9,Sankhuwasabha,1,Koshi Province,Adarsha Pra V,,
137,Adarsha adharbhut vidhyalaya,Apraha,8,772,Chaudandigadhi Municipality,14,Udayapur,1,Koshi Province,Adarsha Pra V Apraha,,
138,Adarsha Balika Secondary School,Gahaile Tole,7,406,Biratnagar Metropolitan City,6,Morang,1,Koshi Province,Adarsha Balika Ma V,,
139,Adarsha Basic,Thare,6,481,Khijidemba Rural Municipality,7,Okhaldhunga,1,Koshi Province,Adarsha Pra V,,
140,Adarsha Basic School,Soktim,9,246,Mai Municipality,3,Ilam,1,Koshi Province,Adarsha Adharbhut Bidhyalaya,Adarsha Pra V,
141,Adarsha Basic School,Chiyabari,7,245,Ilam Municipality,3,Ilam,1,Koshi Province,Adarsha Adhar V,,
142,Adarsha Basic School,Yang,10,251,Suryodaya Municipality,3,Ilam,1,Koshi Province,Adarsha Pra V,,
143,Adarsha Basic School,Yadav Tole,5,716,Bhokraha Narsing Rural Municipality,11,Sunsari,1,Koshi Province,Adarsha Aadharbhut Bidhyalaya,Adarsha Pra V,
144,Adarsha Basic School,Ramche,3,485,Siddhicharan Municipality,7,Okhaldhunga,1,Koshi Province,Adarsha Pra V,,
145,Adarsha Basic School,Sirijangha,2,763,Sirijangha Rural Municipality,12,Taplejung,1,Koshi Province,Adarsha Pra V,,
146,"Adarsha Basic School Chhathar-4, Tehrathum.",Phakchamara,4,766,Chhathar Rural Municipality,13,Tehrathum,1,Koshi Province,Adarsha Basic School Chhathar,Adarsha Pra V,
147,"Adarsha Basic School,","SURYODAYA MUN.-08, KOSHI PROVINCE, ILAM",8,251,Suryodaya Municipality,3,Ilam,1,Koshi Province,Adarsha Basic School,Adarsha Adhar V,
148,Adarsha Buddha Basic School,Bhalukhop,1,246,Mai Municipality,3,Ilam,1,Koshi Province,Adarsha Buddha Adharbhut Bidhyalaya,Adrasha Buddha Pra V,
149,Adarsha Buddha Pra V,Bhalukhop,9,246,Mai Municipality,3,Ilam,1,Koshi Province,,,
150,Adarsha Ebs,Harinagar,7,721,Harinagar Rural Municipality,11,Sunsari,1,Koshi Province,,,
151,Adarsha English School,Kanepokhari Rural Municipality,7,411,Kanepokhari Rural Municipality,6,Morang,1,Koshi Province,,,
152,Adarsha Janata Pra V,Jhapa ga. pa,6,268,Jhapa Rural Municipality,4,Jhapa,1,Koshi Province,,,
153,Adarsha Ma  V,Adarsh Tole,7,417,Rangeli Municipality,6,Morang,1,Koshi Province,Adarsha Adhar V,,
154,Adarsha Ma V,Tatuwamari,2,266,Gauriganj Rural Municipality,4,Jhapa,1,Koshi Province,,,
155,Adarsha Ma Vi.,Sahid Marg,7,406,Biratnagar Metropolitan City,6,Morang,1,Koshi Province,Adarsha Ma V,,
156,Adarsha Milan Pra V,Ramailo Danda,3,711,Nechasalyan Rural Municipality,10,Solukhumbu,1,Koshi Province,,,
157,Adarsha Namuna English Boarding School,Anjanaimode,7,261,Bhadrapur Municipality,4,Jhapa,1,Koshi Province,Adarsa Namuna Ebs,,
158,Adarsha Niketen English School,Bishnetar,8,246,Mai Municipality,3,Ilam,1,Koshi Province,Adarsha Niketen Ebs,,
159,Adarsha Pra V,Harira,3,266,Gauriganj Rural Municipality,4,Jhapa,1,Koshi Province,,,
160,Adarsha Pra V,Aadarsha Tol,2,269,Kachankawal Rural Municipality,4,Jhapa,1,Koshi Province,,,
161,Adarsha Pra V,Tribhuvan Tole,13,406,Biratnagar Metropolitan City,6,Morang,1,Koshi Province,,,
162,Adarsha Pra V,Sundarharaincha,4,419,Sundarharaincha Municipality,6,Morang,1,Koshi Province,,,
163,Adarsha Pra V,Myanglung,5,769,Myanglung Municipality,13,Tehrathum,1,Koshi Province,,,
164,Adarsha Prathamik Bidhyalaya,Bhaishabari,3,261,Bhadrapur Municipality,4,Jhapa,1,Koshi Province,Adarsha Pra V,,
165,Adarsha Secondary  Bidya Mandir Ratmate Pathakgaun,Pathakgaun,8,624,Khandbari Municipality,9,Sankhuwasabha,1,Koshi Province,Adarsha Secondary  Bidya Mandir Pathakgaun,Adarsha Bidya Mandir Ma V Pathakgaun,Adarsha Bidya Mandir Ma V
166,Adarsha Secondary School,khejenim,2,760,Phaktanglung Rural Municipality,12,Taplejung,1,Koshi Province,Adarsha Ma V,,
167,Adarsha Secondary School,Suntalabari,7,245,Ilam Municipality,3,Ilam,1,Koshi Province,Adarsha Ma V,,
168,Adarsha Secondary School,Aayabari,8,272,Mechinagar Municipality,4,Jhapa,1,Koshi Province,Adarsha Ma V,,
169,Adarsha secondary school,"Saphaidhap,Dhankuta",1,164,Sahidbhumi Rural Municipality,2,Dhankuta,1,Koshi Province,"Adarsha secondary school,sahidbhumi- 1  Saphai Dhap dhankuta",Adarsha Uchha Ma V,
170,Adarsha Shiksha Sadan EBS,diktel Rupakot majhuwagadhi,1,360,Diktel Rupakot Majhuwagadhi Municipality,5,Khotang,1,Koshi Province,Adarsashiksha Sadan Ebs,,
171,Adarsha Sikshya Niketan Basic School,Gramthan,5,409,Gramthan Rural Municipality,6,Morang,1,Koshi Province,Adarsha Sikshya Niketan Adhar V,,
172,Adarsha Sikshya Sadan Pra V,Dadakharka,7,354,Diprung Chuichumma Rural Municipality,5,Khotang,1,Koshi Province,,,
173,Adarsha Sishu Primary School,Puranodabali,12,97,Bhojpur Municipality,1,Bhojpur,1,Koshi Province,Adarsha Sishu Pra V,,
174,Adarsha Sita Basic School,Ringuwa,9,416,Pathari Shanishchare Municipality,6,Morang,1,Koshi Province,Adarsha Sita Pra V,,
175,Adarsha Vidya Mandir,Dhulabari,9,272,Mechinagar Municipality,4,Jhapa,1,Koshi Province,Adarsha Bidya Mandir Ebs,,
176,Adarsha Vidya Mandir Secondary School,Kanakai,9,271,Kanakai Municipality,4,Jhapa,1,Koshi Province,Adarsha Vidya Mandir Ma Vi,Adarsha Bidya Mandir Ma V,
177,Adhar V Khayarbana,Katahari,4,412,Katahari Rural Municipality,6,Morang,1,Koshi Province,,,
178,Adharbhoot  V Thakle,Udayapurgadhi,1,778,Udayapurgadhi Rural Municipality,14,Udayapur,1,Koshi Province,Ni Ma V Thakle,,
179,Adharbhut  Bidyalaya,Bhaluwa,7,719,Duhabi Municipality,11,Sunsari,1,Koshi Province,,,
180,adharbhut bidyalaya Jahadi Simle,Katari,4,773,Katari Municipality,14,Udayapur,1,Koshi Province,Ni Ma V Jahadi Simle,,
181,Adharbhut Janasmriti Pra V,Thoklung,8,765,Aathrai Rural Municipality,13,Tehrathum,1,Koshi Province,,,
182,Adharbhut Pra V,Alichibari,5,162,Chhathar Jorpati Rural Municipality,2,Dhankuta,1,Koshi Province,Adarbhut Pra V,,
183,Adharbhut V Ghuskeehat,Kabilasha,6,721,Harinagar Rural Municipality,11,Sunsari,1,Koshi Province,Ni Ma V Ghuskeehat,,
184,Adharbhut V Sishuwa dharampur,Harinagar,5,721,Harinagar Rural Municipality,11,Sunsari,1,Koshi Province,Ni Ma V Sishuwadharampur,,
185,Adharbhut Vidhyalaya,Gupta Tole,10,722,Inaruwa Municipality,11,Sunsari,1,Koshi Province,Pra V Jalpapur,,
186,Adharbhut Vidhyalaya,Holaiya,5,720,Gadhi Rural Municipality,11,Sunsari,1,Koshi Province,Adharbhut Vidhyalaya Holaiya,Pra Vi Holaiya,Ni Ma V Holaiya
187,Adharbhut Vidyalaya Ambote,Ambote,2,775,Limchungbung Rural Municipality,14,Udayapur,1,Koshi Province,,,
188,Adharbhut vidyalaya Kanchanbari,Kanchanbari,4,406,Biratnagar Metropolitan City,6,Morang,1,Koshi Province,Adhar V Kanchanbari,,
189,Adharbhut Vidyalaya Lamadi Barre,Udayapurgadhi,3,778,Udayapurgadhi Rural Municipality,14,Udayapur,1,Koshi Province,,,
190,Adharbhut Vidyalaya Phakshi,"Dharmadevi-6,Phaksi",6,623,Dharmadevi Municipality,9,Sankhuwasabha,1,Koshi Province,Ni Ma V Phakshi,,
191,adharbhut-vidyalaya-barbhanjyang,Barbhanjyang,1,775,Limchungbung Rural Municipality,14,Udayapur,1,Koshi Province,Adharbhut Vidyalaya Barbhanjyang,,
192,Aditya Star Ebs,Bhokraha Narsingh,1,716,Bhokraha Narsing Rural Municipality,11,Sunsari,1,Koshi Province,,,
193,Advance Montessory,shikhar chok,10,416,Pathari Shanishchare Municipality,6,Morang,1,Koshi Province,,,
194,Advanced World Academy,Gauriganj,2,266,Gauriganj Rural Municipality,4,Jhapa,1,Koshi Province,,,
195,Adventist English School,Taranagar,4,261,Bhadrapur Municipality,4,Jhapa,1,Koshi Province,,,
196,Aekata Gyan Maithil Pra V,Sisuwa Tole,12,719,Duhabi Municipality,11,Sunsari,1,Koshi Province,,,
197,Agnikasing Adharbhut Bidhyalay tumbewa 4,Tumbewa,4,503,Tumbewa Rural Municipality,8,Panchthar,1,Koshi Province,Agnikasing Pra V,,
198,Ahale aadharvut Vidyalaya,Aahale,2,622,Chichila Rural Municipality,9,Sankhuwasabha,1,Koshi Province,Ahale Ni Ma Vi,Ahale Ni Ma V,
199,Ahale primary school,Kerabari,7,413,Kerabari Rural Municipality,6,Morang,1,Koshi Province,Ahale pr V,Ahalepr V,
1100,"Aims Educational Academy, Arjundhara-8",Arjundhara,9,259,Arjundhara Municipality,4,Jhapa,1,Koshi Province,"Aims Educational Academy, Arjundhara-9",Aims Educational Academy,
1101,Aishworya Basic School,sannetar,2,165,Mahalaxmi Municipality,2,Dhankuta,1,Koshi Province,Aishworya Pra Vi,Aishworya Pra V,
1102,Aishworya Pra V,Malumajhuwa,1,247,Maijogmai Rural Municipality,3,Ilam,1,Koshi Province,,,
1103,Aitabare Basic School,Panchkhapan,3,627,Panchakhapan Municipality,9,Sankhuwasabha,1,Koshi Province,Aitabare Adharbhut School,Aitabare Adhar V,
1104,Aitabare Ni Ma,Thumlung,6,101,Salpasilichho Rural Municipality,1,Bhojpur,1,Koshi Province,,,
1105,Aitabare Pra V,Barbote,9,164,Sahidbhumi Rural Municipality,2,Dhankuta,1,Koshi Province,,,
1106,Aitabare Pra V,Kafle,7,165,Mahalaxmi Municipality,2,Dhankuta,1,Koshi Province,,,
1107,Aitabare Pra V,Bijuwanidanda Gahate,6,627,Panchakhapan Municipality,9,Sankhuwasabha,1,Koshi Province,,,
1108,Aitabare Pra V,Thulopari,10,97,Bhojpur Municipality,1,Bhojpur,1,Koshi Province,,,
1109,Ajajiya Madarasa Basic School,Sonapur,1,418,Ratuwamai Municipality,6,Morang,1,Koshi Province,Ajajiya Madrassa,,
1110,Ajambari Pra V,yogbirang,3,164,Sahidbhumi Rural Municipality,2,Dhankuta,1,Koshi Province,,,
1111,Ak Montessori School,Barahakshetra-6,6,714,Barahkshetra Municipality,11,Sunsari,1,Koshi Province,,,
1112,Akash Devi Pra Vi,Thalakham,3,356,Jantedhunga Rural Municipality,5,Khotang,1,Koshi Province,Akash Devi Pra V,,
1113,Akchewa Basic School,Akchewa,3,626,Makalu Rural Municipality,9,Sankhuwasabha,1,Koshi Province,Akchewa Adharbhoot Vidyalaya,Akchewa Pra V,
1114,Akshara English School,Itahari,8,723,Itahari Sub Metropolitan City,11,Sunsari,1,Koshi Province,,,
1115,Al Islah Ideal School Madarsa,"Harinagar-06 Ghuski,Arnawa",6,721,Harinagar Rural Municipality,11,Sunsari,1,Koshi Province,All Islah Ideal School Madarssa,,
1116,Al-Madina madarsa,Kachankawal,7,269,Kachankawal Rural Municipality,4,Jhapa,1,Koshi Province,,,
1117,Alember Pra. Vi.,Aamtar,7,414,Letang Municipality,6,Morang,1,Koshi Province,Alember Pra V,,
1118,Alfalah Public  Secondary School,Koshi,5,724,Koshi Rural Municipality,11,Sunsari,1,Koshi Province,Madrassa Allfalaha Public School,Madrassa Allfalaha Public Scool,
1119,Ali Public School,Gautampur,1,721,Harinagar Rural Municipality,11,Sunsari,1,Koshi Province,,,
1120,Allied English school,Sarswati Marga,8,264,Damak Municipality,4,Jhapa,1,Koshi Province,Elite Ebs,,
1121,Alpa Devi Basic School,Kummayak,2,500,Kummayak Rural Municipality,8,Panchthar,1,Koshi Province,Alpa Devi Pra V,,
1122,Alpha Academy,Dharan 16,16,718,Dharan Sub Metropolitan City,11,Sunsari,1,Koshi Province,,,
1123,Alpha Beta Ebs,Amahibelaha,5,715,Barju Rural Municipality,11,Sunsari,1,Koshi Province,,,
1124,Alpine English Boarding School,Chausathi,7,725,Ramdhuni Municipality,11,Sunsari,1,Koshi Province,,,
1125,Alpine International Model Sec. School,Dharan,12,718,Dharan Sub Metropolitan City,11,Sunsari,1,Koshi Province,,,
1126,Amaduwa Pharma basic school,Faram Tole,3,715,Barju Rural Municipality,11,Sunsari,1,Koshi Province,Amaduwa Pharma Pra V,,
1127,Amar Deep Basic School,Hikunamba,4,501,Miklajung Rural Municipality,8,Panchthar,1,Koshi Province,Amar Deep Adharbhut Bidhalaya,Amar Deep Ni Ma V,
1128,AMAR ENGLISH SECONDARY BOARDING SCHOOL,Amarchowk,10,405,Belbari Municipality,6,Morang,1,Koshi Province,SHREE AMAR ENGLISH SECONDARY BOARDING SCHOOL,AMAR ENGLISH SECONDARY BOARDING SCHOOL,Amar Ebs
1129,Amar Jyoti Basic School,Hilihang,1,499,Hilihang Rural Municipality,8,Panchthar,1,Koshi Province,Amar Jyoti Ni Ma V,,
1130,Amar Jyoti basic school,Sundarharaincha,5,419,Sundarharaincha Municipality,6,Morang,1,Koshi Province,Amar Jyoti Pra V,,
1131,Amar Jyoti Basic School,Chachalung,5,710,Mahakulung Rural Municipality,10,Solukhumbu,1,Koshi Province,Amar Jyoti Adhar V,,
1132,Amar Jyoti Pra V,Khoktap,9,162,Chhathar Jorpati Rural Municipality,2,Dhankuta,1,Koshi Province,,,
1133,Amar Jyoti Pra V,Kanku,4,707,Mapya Dudhkoshi Rural Municipality,10,Solukhumbu,1,Koshi Province,Amar Jyoti Basic School,,
1134,Amar Jyoti Primary School,Mahang,9,163,Dhankuta Municipality,2,Dhankuta,1,Koshi Province,Amar Jyoti Pra V,,
1135,Amar Pra V,Schooldanda,12,272,Mechinagar Municipality,4,Jhapa,1,Koshi Province,,,
1136,Amar pra v,Amarhaat,13,718,Dharan Sub Metropolitan City,11,Sunsari,1,Koshi Province,Amar Pra V,,
1137,Amar Primary School,Jimigaun,6,167,Sangurigadhi Rural Municipality,2,Dhankuta,1,Koshi Province,Amar Pra V,,
1138,Amar Sahid Aadharbhut Bidhyalaya,Madamsing,1,623,Dharmadevi Municipality,9,Sankhuwasabha,1,Koshi Province,Amar Sahid Pra V,,
1139,Amar Sahid Pra V,Desare,3,352,Ainselukharka Rural Municipality,5,Khotang,1,Koshi Province,,,
1140,Amar Secondary school,Gauradaha,9,265,Gauradaha Municipality,4,Jhapa,1,Koshi Province,Amar Ma V,,
1141,Amar secondary school,Gauradaha Bazar,2,265,Gauradaha Municipality,4,Jhapa,1,Koshi Province,Amar Adhar V,,
1142,Amar Secondary School,Batisjhalaya,6,166,Pakhribas Municipality,2,Dhankuta,1,Koshi Province,Amar Ma V,,
1143,Amar Shanti Srijana Ni Ma V,Balaha Mandal Tole,10,722,Inaruwa Municipality,11,Sunsari,1,Koshi Province,,,
1144,Amar Singh Basic School,Oyakjung,2,770,Phedap Rural Municipality,13,Tehrathum,1,Koshi Province,Amar Singh Adharbhut Viddyala,Amar Singh Adhar V,
1145,Amar Singh Prathamik Vidhyalaya,Jhapa R.M.,1,268,Jhapa Rural Municipality,4,Jhapa,1,Koshi Province,Amar Singh Pra V,,
1146,Amar Singh Secondary School,Pathari Shanishchare,5,416,Pathari Shanishchare Municipality,6,Morang,1,Koshi Province,Amar Singh Ma V,,
1147,Amaramarlaxmi i,Jirayat,8,417,Rangeli Municipality,6,Morang,1,Koshi Province,Amar Laxmi Pra V,,
1148,Amardaha Children Public Ebs,sunawarshi,4,420,Sunawarshi Municipality,6,Morang,1,Koshi Province,,,
1149,Amarhart Memorial English Boarding School,Biran,3,414,Letang Municipality,6,Morang,1,Koshi Province,Amarhart Memorial Ebs,,
1150,Amarjyoti Basic School,Sangrumba Kopche,12,245,Ilam Municipality,3,Ilam,1,Koshi Province,Amarjyoti Adhar V,,
1151,Amarkalyan Secondary School,Maijogmai,1,247,Maijogmai Rural Municipality,3,Ilam,1,Koshi Province,Amarkalyan MA VI,Amarkalyan Ma V,
1152,Amarpur Secondary School,Amarpur,1,499,Hilihang Rural Municipality,8,Panchthar,1,Koshi Province,Amarpur Uchha Ma V,,
1153,Amarsingh Adhar V,Beshinda,1,629,Silichong Rural Municipality,9,Sankhuwasabha,1,Koshi Province,,,
1154,Amarsmriti Basic School,Okkhre,6,761,Phungling Municipality,12,Taplejung,1,Koshi Province,Amarsmriti Pra V,,
1155,Amaruwa Uchha Ma V,Phakling,8,623,Dharmadevi Municipality,9,Sankhuwasabha,1,Koshi Province,,,
1156,AMBAR BASIC SCHOOL,katahari,7,412,Katahari Rural Municipality,6,Morang,1,Koshi Province,Ambar Basic School,Ambar Pra V,
1157,Ambassador English Boarding School,Tellok,4,763,Sirijangha Rural Municipality,12,Taplejung,1,Koshi Province,,,
1158,Ambebar Janta Ma V,Rajabash,9,777,Triyuga Municipality,14,Udayapur,1,Koshi Province,Ambebar Janata Uchha Ma V,,
1159,Ambegudin Basic School,Ambegudin,2,763,Sirijangha Rural Municipality,12,Taplejung,1,Koshi Province,Ambegudin Aa Vi,Ambegudin Pra V,
1160,Ambegudin Secondary School,Ambegudin,2,763,Sirijangha Rural Municipality,12,Taplejung,1,Koshi Province,Aambegudin Ma Vi,Ambegudin Ma V,
1161,Ambika Basic School,Sidingba,5,762,Sidingba Rural Municipality,12,Taplejung,1,Koshi Province,Ambika Ni Ma V,,
1162,Ambition Academy,Jayapur,2,263,Buddhashanti Rural Municipality,4,Jhapa,1,Koshi Province,Jupiter Ebs,,
1163,Ambote Basic School,Aambote,2,756,Aathrai Tribeni Rural Municipality,12,Taplejung,1,Koshi Province,Ambote Pra V,,
1164,AMITY INTERNATIONAL SCHOOL,Biratnagar,8,406,Biratnagar Metropolitan City,6,Morang,1,Koshi Province,,,
1165,Amity Public School,Barmali Tole,6,272,Mechinagar Municipality,4,Jhapa,1,Koshi Province,Amity Public Ebs,,
1166,Amity Secondary School,Birtamode,5,262,Birtamod Municipality,4,Jhapa,1,Koshi Province,Adarsha Sishu Ebs,,
1167,Amlise Bhanjyang Basic School,Amlise,1,246,Mai Municipality,3,Ilam,1,Koshi Province,Amlise Bhanjyang Adharbhut Bidhyalaya,Amlise Bhanjyang Pra V,
1168,Amlishe Pra VI,suryodaya,12,251,Suryodaya Municipality,3,Ilam,1,Koshi Province,Amlishe Pra V,,
1169,Amma Academy,Srijhanja,3,416,Pathari Shanishchare Municipality,6,Morang,1,Koshi Province,,,
1170,Amrash Adharbhut Bidhyalaya,Thulungdudhkoshi Rural Municipality,8,706,Thulung Dudhkoshi Rural Municipality,10,Solukhumbu,1,Koshi Province,,,
1171,Amrit  Secondary School,Bahradashi,1,260,Bahradashi Rural Municipality,4,Jhapa,1,Koshi Province,Amrit Adhar V,,
1172,Amrit Basic School,Yasok Bazzar,1,500,Kummayak Rural Municipality,8,Panchthar,1,Koshi Province,Amrit Adharbhut Bidhyalaya,Amrit Pra V,
1173,Amrit English Boarding School,Chulachuli,2,242,Chulachuli Rural Municipality,3,Ilam,1,Koshi Province,Amrit Ebs,,
1174,Amurt Academy,Shanti Tole Simarbana,5,723,Itahari Sub Metropolitan City,11,Sunsari,1,Koshi Province,,,
1175,Ananda Pra V,Khairbona,7,408,Dhanapalthan Rural Municipality,6,Morang,1,Koshi Province,,,
1176,Anandeshwar Basic School,Chapbhanjyan,2,485,Siddhicharan Municipality,7,Okhaldhunga,1,Koshi Province,Anandeshwar Pra V,,
1177,Ananta Pra V,"dhanpalthan-7, daligachh",7,408,Dhanapalthan Rural Municipality,6,Morang,1,Koshi Province,,,
1178,Ananta Pra V,Kadamgachiya,2,412,Katahari Rural Municipality,6,Morang,1,Koshi Province,,,
1179,Ananta Sikshya Jyoti Pra V,Makalu Tole,11,718,Dharan Sub Metropolitan City,11,Sunsari,1,Koshi Province,,,
1180,Anantajyoti Vidhya Mandir Ebs,Katahri,1,412,Katahari Rural Municipality,6,Morang,1,Koshi Province,,,
1181,Anarmani Adharbhut Bidhyalaya,Birtamod,4,262,Birtamod Municipality,4,Jhapa,1,Koshi Province,Anarmani Adharbhut Bidhalaya,Anarmani Pra V,
1182,Anarmani Liberty School,Birtamod,5,262,Birtamod Municipality,4,Jhapa,1,Koshi Province,,,
1183,Andheri Basic School,Dhuseni,2,759,Mikwakhola Rural Municipality,12,Taplejung,1,Koshi Province,Andheri Pra V,,
1184,Angel Academy,,,270,Kamal Rural Municipality,4,Jhapa,1,Koshi Province,,,
1185,Angelica Academy,Shivasatakshi Nagarpalika 6,6,273,Shivasatakshi Municipality,4,Jhapa,1,Koshi Province,Anjelika Acadamy,,
1186,Angels Kindergarten,Itahari,3,723,Itahari Sub Metropolitan City,11,Sunsari,1,Koshi Province,,,
1187,Angepa Basic School,Budhuksingh,3,762,Sidingba Rural Municipality,12,Taplejung,1,Koshi Province,Angepa Ni Ma V,,
1188,Anibarya Nisulka  Basic school takure,Takure,2,164,Sahidbhumi Rural Municipality,2,Dhankuta,1,Koshi Province,Anibarya Nisulka  Basic school,Anibarya Nisulka Pra V,
1189,Aniwarya Nisulka Basic school,sahidbhumi,1,164,Sahidbhumi Rural Municipality,2,Dhankuta,1,Koshi Province,"Aniwarya Nisulka Basic school, sahidbhumi- 1 dhankuta",Aniwarya Nisulka Ni Ma V,
1190,Aniwarya Nisulka Basic School,Kaseni,3,166,Pakhribas Municipality,2,Dhankuta,1,Koshi Province,Aniwarya Nisulka Ni Ma V,,
1191,Aniwarya Nisulka Secondary School,Simle,1,164,Sahidbhumi Rural Municipality,2,Dhankuta,1,Koshi Province,Aniwarya Nisulka secondary school,"Aniwarya Nisulka secondary school, sahidbhumi-1 dhankuta",Aniwarya Nisulka Ma V
1192,Annapurna Academy Morang,"Belbari-3, Morang",3,405,Belbari Municipality,6,Morang,1,Koshi Province,Annapurna Academy,,
1193,Annapurna Academy P.v.t Ltd,Ramdhuni:-3,3,725,Ramdhuni Municipality,11,Sunsari,1,Koshi Province,,,
1194,Annapurna Basic School,Umring,4,625,Madi Municipality,9,Sankhuwasabha,1,Koshi Province,Annapurna Pra V,,
1195,Annapurna Basic School Bhalupakwan,Rautamai,3,774,Rautamai Rural Municipality,14,Udayapur,1,Koshi Province,Annapurna Pra V Bhalupakwan,,
1196,"Annapurna Basic School(1-5), Bajagara",Bajgara,3,775,Limchungbung Rural Municipality,14,Udayapur,1,Koshi Province,Annapurna Pra V Bajagara,,
1197,Annapurna English  School,Itahara,9,418,Ratuwamai Municipality,6,Morang,1,Koshi Province,Annapurna English Boarding School,"Annapurna English Boarding School Ratuwamai 9, Morang",
1198,Annapurna English Boarding School,Annapurna Chowk,1,416,Pathari Shanishchare Municipality,6,Morang,1,Koshi Province,Annapurna Ebs,,
1199,Annapurna Ma Vi,Buwalung,8,360,Diktel Rupakot Majhuwagadhi Municipality,5,Khotang,1,Koshi Province,Annapurna Ma V,,
