school_id	school	velthuis	district1	confidence	all_matches	district_english	name	location	ward	local_level_id	local_level	district_id	district	province_id	province	old_name1	old_name2	old_name3	district_similarity_score	location_similarity_score	score_name_and_velthuis
138	गोग्राहा माध्यमिक विद्यालय, विराटनगर, मोरङ	"gograahaa maadhyamika vidyaalaya, viraa.tanagara, mora""na"	मोरङ	100.0	[('मोरङ', 100.0, 57), ('मुगु', 80.0, 41), ('लमजुङ', 75.0, 5)]	Morang	Adarsha Balika Secondary School	Gahaile Tole	7.0	406	Biratnagar Metropolitan City	6	Morang	1	Koshi Province	Adarsha Balika Ma V			1.0	0.29545454545454547	0.29545454545454547
188	गोग्राहा माध्यमिक विद्यालय, विराटनगर, मोरङ	"gograahaa maadhyamika vidyaalaya, viraa.tanagara, mora""na"	मोरङ	100.0	[('मोरङ', 100.0, 57), ('मुगु', 80.0, 41), ('लमजुङ', 75.0, 5)]	Morang	Adharbhut vidyalaya Kanchanbari	Kanchanbari	4.0	406	Biratnagar Metropolitan City	6	Morang	1	Koshi Province	Adhar V Kanchanbari			1.0	0.4318181818181818	0.4318181818181818
1180	गोग्राहा माध्यमिक विद्यालय, विराटनगर, मोरङ	"gograahaa maadhyamika vidyaalaya, viraa.tanagara, mora""na"	मोरङ	100.0	[('मोरङ', 100.0, 57), ('मुगु', 80.0, 41), ('लमजुङ', 75.0, 5)]	Morang	Anantajyoti Vidhya Mandir Ebs	Katahri	1.0	412	Katahari Rural Municipality	6	Morang	1	Koshi Province				1.0	0.2558139534883721	0.2558139534883721
1104	दाङसिङजरे प्रा वि, भोजपुर	"daa""nasi""najare praa vi, bhojapura"	भोजपुर	100.0	[('भोजपुर', 100.0, 18), ('बारा', 80.0, 48), ('बाजुरा', 80.0, 65)]	Bhojpur	Aitabare Ni Ma	Thumlung	6.0	101	Salpasilichho Rural Municipality	1	Bhojpur	1	Koshi Province				1.0	0.25	0.25
1108	दाङसिङजरे प्रा वि, भोजपुर	"daa""nasi""najare praa vi, bhojapura"	भोजपुर	100.0	[('भोजपुर', 100.0, 18), ('बारा', 80.0, 48), ('बाजुरा', 80.0, 65)]	Bhojpur	Aitabare Pra V	Thulopari	10.0	97	Bhojpur Municipality	1	Bhojpur	1	Koshi Province				1.0	0.3333333333333333	0.3333333333333333
1150	जीवनज्योति माध्यमिक विद्यालय, इलाम	jiivanajyoti maadhyamika vidyaalaya, ilaama	इलाम	100.0	[('इलाम', 100.0, 1), ('गुल्मी', 85.71428571428572, 25)]	Ilam	Amarjyoti Basic School	Sangrumba Kopche	12.0	245	Ilam Municipality	3	Ilam	1	Koshi Province	Amarjyoti Adhar V			1.0	0.3076923076923077	0.3076923076923077
138	वाणी माध्यमिक विद्यालय, सिधराहा, मोरङ	"vaa.nii maadhyamika vidyaalaya, sidharaahaa, mora""na"	मोरङ	100.0	[('मोरङ', 100.0, 57), ('मुगु', 80.0, 41), ('लमजुङ', 75.0, 5)]	Morang	Adarsha Balika Secondary School	Gahaile Tole	7.0	406	Biratnagar Metropolitan City	6	Morang	1	Koshi Province	Adarsha Balika Ma V			1.0	0.3132530120481928	0.3132530120481928
177	वाणी माध्यमिक विद्यालय, सिधराहा, मोरङ	"vaa.nii maadhyamika vidyaalaya, sidharaahaa, mora""na"	मोरङ	100.0	[('मोरङ', 100.0, 57), ('मुगु', 80.0, 41), ('लमजुङ', 75.0, 5)]	Morang	Adhar V Khayarbana	Katahari	4.0	412	Katahari Rural Municipality	6	Morang	1	Koshi Province				1.0	0.3142857142857143	0.3142857142857143
188	वाणी माध्यमिक विद्यालय, सिधराहा, मोरङ	"vaa.nii maadhyamika vidyaalaya, sidharaahaa, mora""na"	मोरङ	100.0	[('मोरङ', 100.0, 57), ('मुगु', 80.0, 41), ('लमजुङ', 75.0, 5)]	Morang	Adharbhut vidyalaya Kanchanbari	Kanchanbari	4.0	406	Biratnagar Metropolitan City	6	Morang	1	Koshi Province	Adhar V Kanchanbari			1.0	0.40963855421686746	0.40963855421686746
1180	वाणी माध्यमिक विद्यालय, सिधराहा, मोरङ	"vaa.nii maadhyamika vidyaalaya, sidharaahaa, mora""na"	मोरङ	100.0	[('मोरङ', 100.0, 57), ('मुगु', 80.0, 41), ('लमजुङ', 75.0, 5)]	Morang	Anantajyoti Vidhya Mandir Ebs	Katahri	1.0	412	Katahari Rural Municipality	6	Morang	1	Koshi Province				1.0	0.2716049382716049	0.2716049382716049
130	राष्टि्य निम्न माध्यमिक विधालय सोयाङ, इलाम	"raa.s.tiya nimna maadhyamika vidhaalaya soyaa""na, ilaama"	इलाम	100.0	[('इलाम', 100.0, 1), ('गुल्मी', 85.71428571428572, 25)]	Ilam	Adarniya mavi	Sandakpur	1.0	250	Sandakpur Rural Municipality	3	Ilam	1	Koshi Province	Adarniya Adhar V			1.0	0.2608695652173913	0.2608695652173913
130	आदरणीय निम्न माध्यमिक विधालय, इलाम	aadara.niiya nimna maadhyamika vidhaalaya, ilaama	इलाम	100.0	[('इलाम', 100.0, 1), ('गुल्मी', 85.71428571428572, 25)]	Ilam	Adarniya mavi	Sandakpur	1.0	250	Sandakpur Rural Municipality	3	Ilam	1	Koshi Province	Adarniya Adhar V			1.0	0.3870967741935484	0.3870967741935484
1151	जनकल्याण्ा प्रा॰वि॰दोकानडाँडा, इलाम	janakalyaa.naa praa॰vi॰dokaana.daaँ.daa, ilaama	इलाम	100.0	[('इलाम', 100.0, 1), ('गुल्मी', 85.71428571428572, 25)]	Ilam	Amarkalyan Secondary School	Maijogmai	1.0	247	Maijogmai Rural Municipality	3	Ilam	1	Koshi Province	Amarkalyan MA VI	Amarkalyan Ma V		1.0	0.3783783783783784	0.3783783783783784
138	कृष्ण प्राथमिक विद्यालय लेटाङ, मोरङ	"k.r.s.na praathamika vidyaalaya le.taa""na, mora""na"	मोरङ	100.0	[('मोरङ', 100.0, 57), ('मुगु', 80.0, 41), ('लमजुङ', 75.0, 5)]	Morang	Adarsha Balika Secondary School	Gahaile Tole	7.0	406	Biratnagar Metropolitan City	6	Morang	1	Koshi Province	Adarsha Balika Ma V			1.0	0.2962962962962963	0.2962962962962963
188	कृष्ण प्राथमिक विद्यालय लेटाङ, मोरङ	"k.r.s.na praathamika vidyaalaya le.taa""na, mora""na"	मोरङ	100.0	[('मोरङ', 100.0, 57), ('मुगु', 80.0, 41), ('लमजुङ', 75.0, 5)]	Morang	Adharbhut vidyalaya Kanchanbari	Kanchanbari	4.0	406	Biratnagar Metropolitan City	6	Morang	1	Koshi Province	Adhar V Kanchanbari			1.0	0.4444444444444444	0.4444444444444444
1151	जन कल्याण आधारभूत विद्यालय, लक्ष्मीपुर -५, इलाम	jana kalyaa.na aadhaarabhuuta vidyaalaya, lak.smiipura -5, ilaama	इलाम	100.0	[('इलाम', 100.0, 1), ('गुल्मी', 85.71428571428572, 25)]	Ilam	Amarkalyan Secondary School	Maijogmai	1.0	247	Maijogmai Rural Municipality	3	Ilam	1	Koshi Province	Amarkalyan MA VI	Amarkalyan Ma V		1.0	0.2826086956521739	0.2826086956521739
19	विद्याधरी प्राथमिक विद्यालय रामप्रसादराई गा॰पा॰, भोजपुर	vidyaadharii praathamika vidyaalaya raamaprasaadaraaii gaa॰paa॰, bhojapura	भोजपुर	100.0	[('भोजपुर', 100.0, 18), ('बारा', 80.0, 48), ('बाजुरा', 80.0, 65)]	Bhojpur	Aadarsha Gyankunja Academy	Bhojpur	9.0	97	Bhojpur Municipality	1	Bhojpur	1	Koshi Province				1.0	0.18	0.18
1167	वरभन्ज्या नि॰मा॰वि॰, इलाम	varabhanjyaa ni॰maa॰vi॰, ilaama	इलाम	100.0	[('इलाम', 100.0, 1), ('गुल्मी', 85.71428571428572, 25)]	Ilam	Amlise Bhanjyang Basic School	Amlise	1.0	246	Mai Municipality	3	Ilam	1	Koshi Province	Amlise Bhanjyang Adharbhut Bidhyalaya	Amlise Bhanjyang Pra V		1.0	0.3	0.3
130	बुद्ध माध्यमिक विद्यालय, इलाम	buddha maadhyamika vidyaalaya, ilaama	इलाम	100.0	[('इलाम', 100.0, 1), ('गुल्मी', 85.71428571428572, 25)]	Ilam	Adarniya mavi	Sandakpur	1.0	250	Sandakpur Rural Municipality	3	Ilam	1	Koshi Province	Adarniya Adhar V			1.0	0.28	0.28
148	बुद्ध माध्यमिक विद्यालय, इलाम	buddha maadhyamika vidyaalaya, ilaama	इलाम	100.0	[('इलाम', 100.0, 1), ('गुल्मी', 85.71428571428572, 25)]	Ilam	Adarsha Buddha Basic School	Bhalukhop	1.0	246	Mai Municipality	3	Ilam	1	Koshi Province	Adarsha Buddha Adharbhut Bidhyalaya	Adrasha Buddha Pra V		1.0	0.28125	0.28125
149	बुद्ध माध्यमिक विद्यालय, इलाम	buddha maadhyamika vidyaalaya, ilaama	इलाम	100.0	[('इलाम', 100.0, 1), ('गुल्मी', 85.71428571428572, 25)]	Ilam	Adarsha Buddha Pra V	Bhalukhop	9.0	246	Mai Municipality	3	Ilam	1	Koshi Province				1.0	0.2807017543859649	0.2807017543859649
1151	भगवती माध्यमिक विद्यालय, गोलाखर्क, इलाम	bhagavatii maadhyamika vidyaalaya, golaakharka, ilaama	इलाम	100.0	[('इलाम', 100.0, 1), ('गुल्मी', 85.71428571428572, 25)]	Ilam	Amarkalyan Secondary School	Maijogmai	1.0	247	Maijogmai Rural Municipality	3	Ilam	1	Koshi Province	Amarkalyan MA VI	Amarkalyan Ma V		1.0	0.1728395061728395	0.1728395061728395
130	आदर्श माध्यमिक विद्यालय, इलाम	"aadar""sa maadhyamika vidyaalaya, ilaama"	इलाम	100.0	[('इलाम', 100.0, 1), ('गुल्मी', 85.71428571428572, 25)]	Ilam	Adarniya mavi	Sandakpur	1.0	250	Sandakpur Rural Municipality	3	Ilam	1	Koshi Province	Adarniya Adhar V			1.0	0.34615384615384615	0.34615384615384615
130	नेपालटार माध्यमिक विद्यालय साखेजुङ, इलाम	"nepaala.taara maadhyamika vidyaalaya saakheju""na, ilaama"	इलाम	100.0	[('इलाम', 100.0, 1), ('गुल्मी', 85.71428571428572, 25)]	Ilam	Adarniya mavi	Sandakpur	1.0	250	Sandakpur Rural Municipality	3	Ilam	1	Koshi Province	Adarniya Adhar V			1.0	0.2318840579710145	0.2318840579710145
1150	नव ज्योती आधारभूत विद्यालय, इलाम	nava jyotii aadhaarabhuuta vidyaalaya, ilaama	इलाम	100.0	[('इलाम', 100.0, 1), ('गुल्मी', 85.71428571428572, 25)]	Ilam	Amarjyoti Basic School	Sangrumba Kopche	12.0	245	Ilam Municipality	3	Ilam	1	Koshi Province	Amarjyoti Adhar V			1.0	0.29850746268656714	0.29850746268656714
121	हिमाली माध्यमिक विद्यालय पृथ्वीनगर, झापा	himaalii maadhyamika vidyaalaya p.rthviinagara, jhaapaa	झापा	100.0	[('झापा', 100.0, 56), ('रामेछाप', 80.0, 22), ('रोल्पा', 80.0, 30)]	Jhapa	Aaramva Bal Sikshalaya Ebs	Chakchaki	5.0	260	Bahradashi Rural Municipality	4	Jhapa	1	Koshi Province				1.0	0.32098765432098764	0.32098765432098764
164	हिमाली माध्यमिक विद्यालय पृथ्वीनगर, झापा	himaalii maadhyamika vidyaalaya p.rthviinagara, jhaapaa	झापा	100.0	[('झापा', 100.0, 56), ('रामेछाप', 80.0, 22), ('रोल्पा', 80.0, 30)]	Jhapa	Adarsha Prathamik Bidhyalaya	Bhaishabari	3.0	261	Bhadrapur Municipality	4	Jhapa	1	Koshi Province	Adarsha Pra V			1.0	0.40963855421686746	0.40963855421686746
175	हिमाली माध्यमिक विद्यालय पृथ्वीनगर, झापा	himaalii maadhyamika vidyaalaya p.rthviinagara, jhaapaa	झापा	100.0	[('झापा', 100.0, 56), ('रामेछाप', 80.0, 22), ('रोल्पा', 80.0, 30)]	Jhapa	Adarsha Vidya Mandir	Dhulabari	9.0	272	Mechinagar Municipality	4	Jhapa	1	Koshi Province	Adarsha Bidya Mandir Ebs			1.0	0.24	0.24
176	हिमाली माध्यमिक विद्यालय पृथ्वीनगर, झापा	himaalii maadhyamika vidyaalaya p.rthviinagara, jhaapaa	झापा	100.0	[('झापा', 100.0, 56), ('रामेछाप', 80.0, 22), ('रोल्पा', 80.0, 30)]	Jhapa	Adarsha Vidya Mandir Secondary School	Kanakai	9.0	271	Kanakai Municipality	4	Jhapa	1	Koshi Province	Adarsha Vidya Mandir Ma Vi	Adarsha Bidya Mandir Ma V		1.0	0.30434782608695654	0.30434782608695654
1145	हिमाली माध्यमिक विद्यालय पृथ्वीनगर, झापा	himaalii maadhyamika vidyaalaya p.rthviinagara, jhaapaa	झापा	100.0	[('झापा', 100.0, 56), ('रामेछाप', 80.0, 22), ('रोल्पा', 80.0, 30)]	Jhapa	Amar Singh Prathamik Vidhyalaya	Jhapa R.M.	1.0	268	Jhapa Rural Municipality	4	Jhapa	1	Koshi Province	Amar Singh Pra V			1.0	0.3953488372093023	0.3953488372093023
1181	हिमाली माध्यमिक विद्यालय पृथ्वीनगर, झापा	himaalii maadhyamika vidyaalaya p.rthviinagara, jhaapaa	झापा	100.0	[('झापा', 100.0, 56), ('रामेछाप', 80.0, 22), ('रोल्पा', 80.0, 30)]	Jhapa	Anarmani Adharbhut Bidhyalaya	Birtamod	4.0	262	Birtamod Municipality	4	Jhapa	1	Koshi Province	Anarmani Adharbhut Bidhalaya	Anarmani Pra V		1.0	0.30952380952380953	0.30952380952380953
1219	हिमाली माध्यमिक विद्यालय पृथ्वीनगर, झापा	himaalii maadhyamika vidyaalaya p.rthviinagara, jhaapaa	झापा	100.0	[('झापा', 100.0, 56), ('रामेछाप', 80.0, 22), ('रोल्पा', 80.0, 30)]	Jhapa	Araniko Madhyamik Bidhyalaya	Gomansari	7.0	272	Mechinagar Municipality	4	Jhapa	1	Koshi Province	Araniko Pra V			1.0	0.4578313253012048	0.4578313253012048
121	महेन्द्र रत्न माध्यमिक विद्यालय, विर्तामोड, झापा	mahendra ratna maadhyamika vidyaalaya, virtaamo.da, jhaapaa	झापा	100.0	[('झापा', 100.0, 56), ('रामेछाप', 80.0, 22), ('रोल्पा', 80.0, 30)]	Jhapa	Aaramva Bal Sikshalaya Ebs	Chakchaki	5.0	260	Bahradashi Rural Municipality	4	Jhapa	1	Koshi Province				1.0	0.32941176470588235	0.32941176470588235
125	महेन्द्र रत्न माध्यमिक विद्यालय, विर्तामोड, झापा	mahendra ratna maadhyamika vidyaalaya, virtaamo.da, jhaapaa	झापा	100.0	[('झापा', 100.0, 56), ('रामेछाप', 80.0, 22), ('रोल्पा', 80.0, 30)]	Jhapa	Abacus Boarding School Birtamode Pvt.Ltd	Birtamode	4.0	262	Birtamod Municipality	4	Jhapa	1	Koshi Province	Gyan Jyoti Ebs			1.0	0.2222222222222222	0.2222222222222222
164	महेन्द्र रत्न माध्यमिक विद्यालय, विर्तामोड, झापा	mahendra ratna maadhyamika vidyaalaya, virtaamo.da, jhaapaa	झापा	100.0	[('झापा', 100.0, 56), ('रामेछाप', 80.0, 22), ('रोल्पा', 80.0, 30)]	Jhapa	Adarsha Prathamik Bidhyalaya	Bhaishabari	3.0	261	Bhadrapur Municipality	4	Jhapa	1	Koshi Province	Adarsha Pra V			1.0	0.4827586206896552	0.4827586206896552
175	महेन्द्र रत्न माध्यमिक विद्यालय, विर्तामोड, झापा	mahendra ratna maadhyamika vidyaalaya, virtaamo.da, jhaapaa	झापा	100.0	[('झापा', 100.0, 56), ('रामेछाप', 80.0, 22), ('रोल्पा', 80.0, 30)]	Jhapa	Adarsha Vidya Mandir	Dhulabari	9.0	272	Mechinagar Municipality	4	Jhapa	1	Koshi Province	Adarsha Bidya Mandir Ebs			1.0	0.27848101265822783	0.27848101265822783
176	महेन्द्र रत्न माध्यमिक विद्यालय, विर्तामोड, झापा	mahendra ratna maadhyamika vidyaalaya, virtaamo.da, jhaapaa	झापा	100.0	[('झापा', 100.0, 56), ('रामेछाप', 80.0, 22), ('रोल्पा', 80.0, 30)]	Jhapa	Adarsha Vidya Mandir Secondary School	Kanakai	9.0	271	Kanakai Municipality	4	Jhapa	1	Koshi Province	Adarsha Vidya Mandir Ma Vi	Adarsha Bidya Mandir Ma V		1.0	0.3333333333333333	0.3333333333333333
1116	महेन्द्र रत्न माध्यमिक विद्यालय, विर्तामोड, झापा	mahendra ratna maadhyamika vidyaalaya, virtaamo.da, jhaapaa	झापा	100.0	[('झापा', 100.0, 56), ('रामेछाप', 80.0, 22), ('रोल्पा', 80.0, 30)]	Jhapa	Al-Madina madarsa	Kachankawal	7.0	269	Kachankawal Rural Municipality	4	Jhapa	1	Koshi Province				1.0	0.2631578947368421	0.2631578947368421
1145	महेन्द्र रत्न माध्यमिक विद्यालय, विर्तामोड, झापा	mahendra ratna maadhyamika vidyaalaya, virtaamo.da, jhaapaa	झापा	100.0	[('झापा', 100.0, 56), ('रामेछाप', 80.0, 22), ('रोल्पा', 80.0, 30)]	Jhapa	Amar Singh Prathamik Vidhyalaya	Jhapa R.M.	1.0	268	Jhapa Rural Municipality	4	Jhapa	1	Koshi Province	Amar Singh Pra V			1.0	0.4666666666666667	0.4666666666666667
1181	महेन्द्र रत्न माध्यमिक विद्यालय, विर्तामोड, झापा	mahendra ratna maadhyamika vidyaalaya, virtaamo.da, jhaapaa	झापा	100.0	[('झापा', 100.0, 56), ('रामेछाप', 80.0, 22), ('रोल्पा', 80.0, 30)]	Jhapa	Anarmani Adharbhut Bidhyalaya	Birtamod	4.0	262	Birtamod Municipality	4	Jhapa	1	Koshi Province	Anarmani Adharbhut Bidhalaya	Anarmani Pra V		1.0	0.29545454545454547	0.29545454545454547
1219	महेन्द्र रत्न माध्यमिक विद्यालय, विर्तामोड, झापा	mahendra ratna maadhyamika vidyaalaya, virtaamo.da, jhaapaa	झापा	100.0	[('झापा', 100.0, 56), ('रामेछाप', 80.0, 22), ('रोल्पा', 80.0, 30)]	Jhapa	Araniko Madhyamik Bidhyalaya	Gomansari	7.0	272	Mechinagar Municipality	4	Jhapa	1	Koshi Province	Araniko Pra V			1.0	0.45977011494252873	0.45977011494252873
130	बालमण्डल माध्यमिक विद्यालय, इलाम न॰पा॰, इलाम	baalama.n.dala maadhyamika vidyaalaya, ilaama na॰paa॰, ilaama	इलाम	100.0	[('इलाम', 100.0, 1), ('गुल्मी', 85.71428571428572, 25)]	Ilam	Adarniya mavi	Sandakpur	1.0	250	Sandakpur Rural Municipality	3	Ilam	1	Koshi Province	Adarniya Adhar V			1.0	0.21621621621621623	0.21621621621621623
130	नन्द माध्यमिक विद्यालय, इलाम न॰पा॰, इलाम	nanda maadhyamika vidyaalaya, ilaama na॰paa॰, ilaama	इलाम	100.0	[('इलाम', 100.0, 1), ('गुल्मी', 85.71428571428572, 25)]	Ilam	Adarniya mavi	Sandakpur	1.0	250	Sandakpur Rural Municipality	3	Ilam	1	Koshi Province	Adarniya Adhar V			1.0	0.2153846153846154	0.2153846153846154
121	बुद्ध आर्दश उ॰ माध्यमिक विधालय, झापा	"buddha aarda""sa u॰ maadhyamika vidhaalaya, jhaapaa"	झापा	100.0	[('झापा', 100.0, 56), ('रामेछाप', 80.0, 22), ('रोल्पा', 80.0, 30)]	Jhapa	Aaramva Bal Sikshalaya Ebs	Chakchaki	5.0	260	Bahradashi Rural Municipality	4	Jhapa	1	Koshi Province				1.0	0.34210526315789475	0.34210526315789475
164	बुद्ध आर्दश उ॰ माध्यमिक विधालय, झापा	"buddha aarda""sa u॰ maadhyamika vidhaalaya, jhaapaa"	झापा	100.0	[('झापा', 100.0, 56), ('रामेछाप', 80.0, 22), ('रोल्पा', 80.0, 30)]	Jhapa	Adarsha Prathamik Bidhyalaya	Bhaishabari	3.0	261	Bhadrapur Municipality	4	Jhapa	1	Koshi Province	Adarsha Pra V			1.0	0.48717948717948717	0.48717948717948717
1145	बुद्ध आर्दश उ॰ माध्यमिक विधालय, झापा	"buddha aarda""sa u॰ maadhyamika vidhaalaya, jhaapaa"	झापा	100.0	[('झापा', 100.0, 56), ('रामेछाप', 80.0, 22), ('रोल्पा', 80.0, 30)]	Jhapa	Amar Singh Prathamik Vidhyalaya	Jhapa R.M.	1.0	268	Jhapa Rural Municipality	4	Jhapa	1	Koshi Province	Amar Singh Pra V			1.0	0.41975308641975306	0.41975308641975306
1181	बुद्ध आर्दश उ॰ माध्यमिक विधालय, झापा	"buddha aarda""sa u॰ maadhyamika vidhaalaya, jhaapaa"	झापा	100.0	[('झापा', 100.0, 56), ('रामेछाप', 80.0, 22), ('रोल्पा', 80.0, 30)]	Jhapa	Anarmani Adharbhut Bidhyalaya	Birtamod	4.0	262	Birtamod Municipality	4	Jhapa	1	Koshi Province	Anarmani Adharbhut Bidhalaya	Anarmani Pra V		1.0	0.3037974683544304	0.3037974683544304
1219	बुद्ध आर्दश उ॰ माध्यमिक विधालय, झापा	"buddha aarda""sa u॰ maadhyamika vidhaalaya, jhaapaa"	झापा	100.0	[('झापा', 100.0, 56), ('रामेछाप', 80.0, 22), ('रोल्पा', 80.0, 30)]	Jhapa	Araniko Madhyamik Bidhyalaya	Gomansari	7.0	272	Mechinagar Municipality	4	Jhapa	1	Koshi Province	Araniko Pra V			1.0	0.48717948717948717	0.48717948717948717
1150	नेपाल ज्योती आधारभूत विद्यालय, नामसालिङ, इलाम	"nepaala jyotii aadhaarabhuuta vidyaalaya, naamasaali""na, ilaama"	इलाम	100.0	[('इलाम', 100.0, 1), ('गुल्मी', 85.71428571428572, 25)]	Ilam	Amarjyoti Basic School	Sangrumba Kopche	12.0	245	Ilam Municipality	3	Ilam	1	Koshi Province	Amarjyoti Adhar V			1.0	0.23529411764705882	0.23529411764705882
148	सिद्धार्थ आधारभूत विद्यालय, इलाम	siddhaartha aadhaarabhuuta vidyaalaya, ilaama	इलाम	100.0	[('इलाम', 100.0, 1), ('गुल्मी', 85.71428571428572, 25)]	Ilam	Adarsha Buddha Basic School	Bhalukhop	1.0	246	Mai Municipality	3	Ilam	1	Koshi Province	Adarsha Buddha Adharbhut Bidhyalaya	Adrasha Buddha Pra V		1.0	0.2222222222222222	0.2222222222222222
149	सिद्धार्थ आधारभूत विद्यालय, इलाम	siddhaartha aadhaarabhuuta vidyaalaya, ilaama	इलाम	100.0	[('इलाम', 100.0, 1), ('गुल्मी', 85.71428571428572, 25)]	Ilam	Adarsha Buddha Pra V	Bhalukhop	9.0	246	Mai Municipality	3	Ilam	1	Koshi Province				1.0	0.24615384615384617	0.24615384615384617
130	राष्ट्रिय आधारभूत विद्यालय, माइजोगमाई, इलाम	raa.s.triya aadhaarabhuuta vidyaalaya, maaijogamaaii, ilaama	इलाम	100.0	[('इलाम', 100.0, 1), ('गुल्मी', 85.71428571428572, 25)]	Ilam	Adarniya mavi	Sandakpur	1.0	250	Sandakpur Rural Municipality	3	Ilam	1	Koshi Province	Adarniya Adhar V			1.0	0.2191780821917808	0.2191780821917808
130	हमालय निम्न माध्यमिक विधालय, चसापानी, इलाम	hamaalaya nimna maadhyamika vidhaalaya, casaapaanii, ilaama	इलाम	100.0	[('इलाम', 100.0, 1), ('गुल्मी', 85.71428571428572, 25)]	Ilam	Adarniya mavi	Sandakpur	1.0	250	Sandakpur Rural Municipality	3	Ilam	1	Koshi Province	Adarniya Adhar V			1.0	0.25	0.25
130	पूर्णस्मारक माध्यमिक विद्यालय, इलाम	puur.nasmaaraka maadhyamika vidyaalaya, ilaama	इलाम	100.0	[('इलाम', 100.0, 1), ('गुल्मी', 85.71428571428572, 25)]	Ilam	Adarniya mavi	Sandakpur	1.0	250	Sandakpur Rural Municipality	3	Ilam	1	Koshi Province	Adarniya Adhar V			1.0	0.2711864406779661	0.2711864406779661
1151	जनकल्याण प्राथमिक विधालय गोदक, इलाम	janakalyaa.na praathamika vidhaalaya godaka, ilaama	इलाम	100.0	[('इलाम', 100.0, 1), ('गुल्मी', 85.71428571428572, 25)]	Ilam	Amarkalyan Secondary School	Maijogmai	1.0	247	Maijogmai Rural Municipality	3	Ilam	1	Koshi Province	Amarkalyan MA VI	Amarkalyan Ma V		1.0	0.3333333333333333	0.3333333333333333
1150	अमर ज्योती आधारभूत विद्यालय साङरुम्बा, इलाम	"amara jyotii aadhaarabhuuta vidyaalaya saa""narumbaa, ilaama"	इलाम	100.0	[('इलाम', 100.0, 1), ('गुल्मी', 85.71428571428572, 25)]	Ilam	Amarjyoti Basic School	Sangrumba Kopche	12.0	245	Ilam Municipality	3	Ilam	1	Koshi Province	Amarjyoti Adhar V			1.0	0.2962962962962963	0.2962962962962963
130	महेश्वरा निम्न माध्यमिक विधालय, सोयाक इलाम	"mahe""svaraa nimna maadhyamika vidhaalaya, soyaaka ilaama"	इलाम	100.0	[('इलाम', 100.0, 1), ('गुल्मी', 80.0, 25), ('सल्यान', 80.0, 64)]	Ilam	Adarniya mavi	Sandakpur	1.0	250	Sandakpur Rural Municipality	3	Ilam	1	Koshi Province	Adarniya Adhar V			1.0	0.2898550724637681	0.2898550724637681
1151	बाल कल्याण आधारभूत विद्यालय, इलाम	baala kalyaa.na aadhaarabhuuta vidyaalaya, ilaama	इलाम	100.0	[('इलाम', 100.0, 1), ('गुल्मी', 85.71428571428572, 25)]	Ilam	Amarkalyan Secondary School	Maijogmai	1.0	247	Maijogmai Rural Municipality	3	Ilam	1	Koshi Province	Amarkalyan MA VI	Amarkalyan Ma V		1.0	0.34210526315789475	0.34210526315789475
130	जनता माध्यमिक विद्यालय माई नगरपालिका, इलाम	janataa maadhyamika vidyaalaya maaii nagarapaalikaa, ilaama	इलाम	100.0	[('इलाम', 100.0, 1), ('गुल्मी', 85.71428571428572, 25)]	Ilam	Adarniya mavi	Sandakpur	1.0	250	Sandakpur Rural Municipality	3	Ilam	1	Koshi Province	Adarniya Adhar V			1.0	0.25	0.25
148	सिद्ध देवी प्राथमिक विधालय पुवामजुवा, इलाम	siddha devii praathamika vidhaalaya puvaamajuvaa, ilaama	इलाम	100.0	[('इलाम', 100.0, 1), ('गुल्मी', 85.71428571428572, 25)]	Ilam	Adarsha Buddha Basic School	Bhalukhop	1.0	246	Mai Municipality	3	Ilam	1	Koshi Province	Adarsha Buddha Adharbhut Bidhyalaya	Adrasha Buddha Pra V		1.0	0.24096385542168675	0.24096385542168675
149	सिद्ध देवी प्राथमिक विधालय पुवामजुवा, इलाम	siddha devii praathamika vidhaalaya puvaamajuvaa, ilaama	इलाम	100.0	[('इलाम', 100.0, 1), ('गुल्मी', 85.71428571428572, 25)]	Ilam	Adarsha Buddha Pra V	Bhalukhop	9.0	246	Mai Municipality	3	Ilam	1	Koshi Province				1.0	0.23684210526315788	0.23684210526315788
130	सिद्धदेउमाई निम्न माध्यमिक विधालय चयैता, इलाम	siddhadeumaaii nimna maadhyamika vidhaalaya cayaitaa, ilaama	इलाम	100.0	[('इलाम', 100.0, 1), ('गुल्मी', 85.71428571428572, 25)]	Ilam	Adarniya mavi	Sandakpur	1.0	250	Sandakpur Rural Municipality	3	Ilam	1	Koshi Province	Adarniya Adhar V			1.0	0.273972602739726	0.273972602739726
148	सिद्धदेउमाई निम्न माध्यमिक विधालय चयैता, इलाम	siddhadeumaaii nimna maadhyamika vidhaalaya cayaitaa, ilaama	इलाम	100.0	[('इलाम', 100.0, 1), ('गुल्मी', 85.71428571428572, 25)]	Ilam	Adarsha Buddha Basic School	Bhalukhop	1.0	246	Mai Municipality	3	Ilam	1	Koshi Province	Adarsha Buddha Adharbhut Bidhyalaya	Adrasha Buddha Pra V		1.0	0.22988505747126436	0.22988505747126436
149	सिद्धदेउमाई निम्न माध्यमिक विधालय चयैता, इलाम	siddhadeumaaii nimna maadhyamika vidhaalaya cayaitaa, ilaama	इलाम	100.0	[('इलाम', 100.0, 1), ('गुल्मी', 85.71428571428572, 25)]	Ilam	Adarsha Buddha Pra V	Bhalukhop	9.0	246	Mai Municipality	3	Ilam	1	Koshi Province				1.0	0.2	0.2
1110	माध्यमिक विद्यालय दिगम्बरपुर धनुषा	maadhyamika vidyaalaya digambarapura dhanu.saa	धनुषा	100.0	[('धनुषा', 100.0, 20), ('पर्सा', 75.0, 21), ('मोरङ', 75.0, 57)]	Dhanusa	Ajambari Pra V	yogbirang	3.0	164	Sahidbhumi Rural Municipality	2	Dhankuta	1	Koshi Province				0.8	0.26666666666666666	0.26666666666666666
1203	माध्यमिक विद्यालय दिगम्बरपुर धनुषा	maadhyamika vidyaalaya digambarapura dhanu.saa	धनुषा	100.0	[('धनुषा', 100.0, 20), ('पर्सा', 75.0, 21), ('मोरङ', 75.0, 57)]	Dhanusa	Annapurna Secondary School	Andrung	7.0	165	Mahalaxmi Municipality	2	Dhankuta	1	Koshi Province	Annapurna Ma V			0.8	0.2222222222222222	0.2222222222222222
1204	माध्यमिक विद्यालय दिगम्बरपुर धनुषा	maadhyamika vidyaalaya digambarapura dhanu.saa	धनुषा	100.0	[('धनुषा', 100.0, 20), ('पर्सा', 75.0, 21), ('मोरङ', 75.0, 57)]	Dhanusa	Annapurna Secondary School	Tallosanne	1.0	166	Pakhribas Municipality	2	Dhankuta	1	Koshi Province	Annapurna Ma V	Annapurna Uchha Ma V		0.8	0.2222222222222222	0.2222222222222222
130	प्याङ्ग माध्यमिक विद्यालय प्याङ कुटीडाँडा, इलाम	"pyaa""nga maadhyamika vidyaalaya pyaa""na ku.tii.daaँ.daa, ilaama"	इलाम	100.0	[('इलाम', 100.0, 1), ('गुल्मी', 85.71428571428572, 25)]	Ilam	Adarniya mavi	Sandakpur	1.0	250	Sandakpur Rural Municipality	3	Ilam	1	Koshi Province	Adarniya Adhar V			1.0	0.18421052631578946	0.18421052631578946
1150	ज्योति प्राथमिक विधालय जोगमाई, इलाम	jyoti praathamika vidhaalaya jogamaaii, ilaama	इलाम	100.0	[('इलाम', 100.0, 1), ('गुल्मी', 85.71428571428572, 25)]	Ilam	Amarjyoti Basic School	Sangrumba Kopche	12.0	245	Ilam Municipality	3	Ilam	1	Koshi Province	Amarjyoti Adhar V			1.0	0.2647058823529412	0.2647058823529412
130	अमरकल्याण माध्यमिक विद्यालय, माईजाेगमाई, इलाम	amarakalyaa.na maadhyamika vidyaalaya, maaiijaaegamaaii, ilaama	इलाम	100.0	[('इलाम', 100.0, 1), ('गुल्मी', 85.71428571428572, 25)]	Ilam	Adarniya mavi	Sandakpur	1.0	250	Sandakpur Rural Municipality	3	Ilam	1	Koshi Province	Adarniya Adhar V			1.0	0.23684210526315788	0.23684210526315788
1151	अमरकल्याण माध्यमिक विद्यालय, माईजाेगमाई, इलाम	amarakalyaa.na maadhyamika vidyaalaya, maaiijaaegamaaii, ilaama	इलाम	100.0	[('इलाम', 100.0, 1), ('गुल्मी', 85.71428571428572, 25)]	Ilam	Amarkalyan Secondary School	Maijogmai	1.0	247	Maijogmai Rural Municipality	3	Ilam	1	Koshi Province	Amarkalyan MA VI	Amarkalyan Ma V		1.0	0.26666666666666666	0.26666666666666666
130	शान्तिपुर माध्यमिक विद्यालय शान्तिपुर, इलाम	"""saantipura maadhyamika vidyaalaya ""saantipura, ilaama"	इलाम	100.0	[('इलाम', 100.0, 1), ('गुल्मी', 85.71428571428572, 25)]	Ilam	Adarniya mavi	Sandakpur	1.0	250	Sandakpur Rural Municipality	3	Ilam	1	Koshi Province	Adarniya Adhar V			1.0	0.26865671641791045	0.26865671641791045
130	प्रबोध माध्यमिक विद्यालय, माबु, इलाम	prabodha maadhyamika vidyaalaya, maabu, ilaama	इलाम	100.0	[('इलाम', 100.0, 1), ('गुल्मी', 85.71428571428572, 25)]	Ilam	Adarniya mavi	Sandakpur	1.0	250	Sandakpur Rural Municipality	3	Ilam	1	Koshi Province	Adarniya Adhar V			1.0	0.23728813559322035	0.23728813559322035
148	प्रबोध माध्यमिक विद्यालय, माबु, इलाम	prabodha maadhyamika vidyaalaya, maabu, ilaama	इलाम	100.0	[('इलाम', 100.0, 1), ('गुल्मी', 85.71428571428572, 25)]	Ilam	Adarsha Buddha Basic School	Bhalukhop	1.0	246	Mai Municipality	3	Ilam	1	Koshi Province	Adarsha Buddha Adharbhut Bidhyalaya	Adrasha Buddha Pra V		1.0	0.2465753424657534	0.2465753424657534
149	प्रबोध माध्यमिक विद्यालय, माबु, इलाम	prabodha maadhyamika vidyaalaya, maabu, ilaama	इलाम	100.0	[('इलाम', 100.0, 1), ('गुल्मी', 85.71428571428572, 25)]	Ilam	Adarsha Buddha Pra V	Bhalukhop	9.0	246	Mai Municipality	3	Ilam	1	Koshi Province				1.0	0.24242424242424243	0.24242424242424243
