school_id	school	velthuis	district1	confidence	all_matches	district_english
1	जनप्रिय प्रा वि, भोजपुर	janapriya praa vi, bhojapura	भोजपुर	100	[('भोजपुर', 100.0, 18), ('बारा', 80.0, 48), ('बाजुरा', 80.0, 65)]	Bhojpur
2	छेनखामा प्राथमिक विद्यालय भोजपुर	chenakhaamaa praathamika vidyaalaya bhojapura	भोजपुर	100	[('भोजपुर', 100.0, 18), ('बारा', 80.0, 48), ('बाजुरा', 80.0, 65)]	Bhojpur
3	गोग्राहा माध्यमिक विद्यालय, विराटनगर, मोरङ	"gograahaa maadhyamika vidyaalaya, viraa.tanagara, mora""na"	मोरङ	100	[('मोरङ', 100.0, 57), ('मुगु', 80.0, 41), ('लमजुङ', 75.0, 5)]	Morang
4	श्री शंकर माध्यमिक विद्यालय, गजरकोट, तनहुँ	"""srii ""sa.mkara maadhyamika vidyaalaya, gajarako.ta, tanahuँ"	तनहुँ	100	[('तनहुँ', 100.0, 38)]	Tanahun
5	जनजागृति माध्यमिक विधालय, तनहुँ	janajaag.rti maadhyamika vidhaalaya, tanahuँ	तनहुँ	100	[('तनहुँ', 100.0, 38)]	Tanahun
6	दाङसिङजरे प्रा वि, भोजपुर	"daa""nasi""najare praa vi, bhojapura"	भोजपुर	100	[('भोजपुर', 100.0, 18), ('बारा', 80.0, 48), ('बाजुरा', 80.0, 65)]	Bhojpur
7	छाङछाहाङ्ग प्राथमिक विधालय, भोजपुर	"chaa""nachaahaa""nga praathamika vidhaalaya, bhojapura"	भोजपुर	100	[('भोजपुर', 100.0, 18), ('बारा', 80.0, 48), ('बाजुरा', 80.0, 65)]	Bhojpur
8	खेश्वर प्रा वि, भोजपुर	"khe""svara praa vi, bhojapura"	भोजपुर	100	[('भोजपुर', 100.0, 18), ('बारा', 80.0, 48), ('बाजुरा', 80.0, 65)]	Bhojpur
9	दुर्गेश्वरी प्रा वि, भोजपुर	"durge""svarii praa vi, bhojapura"	भोजपुर	100	[('भोजपुर', 100.0, 18), ('बारा', 80.0, 48), ('बाजुरा', 80.0, 65)]	Bhojpur
10	पवित्रा माध्यमिक विद्यालय, बन्दिपुर, तनहुँ	pavitraa maadhyamika vidyaalaya, bandipura, tanahuँ	तनहुँ	100	[('तनहुँ', 100.0, 38)]	Tanahun
11	मित्रता मा बि, तनहु	mitrataa maa bi, tanahu	तनहुँ	100	[('तनहुँ', 100.0, 38)]	Tanahun
12	मित्रता माध्यमिक विद्यालय, आँबुखैरेनी, तनहूँ	mitrataa maadhyamika vidyaalaya, aaँbukhairenii, tanahuuँ	तनहुँ	100	[('तनहुँ', 100.0, 38)]	Tanahun
13	सालेवा माध्यमिक विद्यालय, देाभाने भोजपुर	saalevaa maadhyamika vidyaalaya, deaabhaane bhojapura	भोजपुर	100	[('भोजपुर', 100.0, 18), ('बारा', 80.0, 48), ('बाजुरा', 80.0, 65)]	Bhojpur
14	जाल्पा निम्न माध्यमिक विधालय भौसिपंखा भोजपुर	jaalpaa nimna maadhyamika vidhaalaya bhausipa.mkhaa bhojapura	भोजपुर	100	[('भोजपुर', 100.0, 18), ('बारा', 80.0, 48), ('बाजुरा', 80.0, 65)]	Bhojpur
15	बालकन्या प्राथमिक विद्यालय, भोजपुर	baalakanyaa praathamika vidyaalaya, bhojapura	भोजपुर	100	[('भोजपुर', 100.0, 18), ('बारा', 80.0, 48), ('बाजुरा', 80.0, 65)]	Bhojpur
16	जाल्पा माध्यमिक विद्यालय, भोजपुर	jaalpaa maadhyamika vidyaalaya, bhojapura	भोजपुर	100	[('भोजपुर', 100.0, 18), ('बारा', 80.0, 48), ('बाजुरा', 80.0, 65)]	Bhojpur
17	जगदीश्वरी प्रा वि, भोजपुर	"jagadii""svarii praa vi, bhojapura"	भोजपुर	100	[('भोजपुर', 100.0, 18), ('बारा', 80.0, 48), ('बाजुरा', 80.0, 65)]	Bhojpur
18	पञ्चकन्या माध्यमिक विद्यालय, चितवन	pa~ncakanyaa maadhyamika vidyaalaya, citavana	चितवन	100	[('चितवन', 100.0, 62)]	Chitwan
19	वीरेन्द्र आदर्श माध्यमिक विद्यालय, वीरेन्द्रनगर चितवन	"viirendra aadar""sa maadhyamika vidyaalaya, viirendranagara citavana"	चितवन	100	[('चितवन', 100.0, 62), ('रुपन्देही', 75.0, 63)]	Chitwan
20	चण्डेश्वर माध्यमिक विद्यालय, बालंखा, भोजपुर	"ca.n.de""svara maadhyamika vidyaalaya, baala.mkhaa, bhojapura"	भोजपुर	100	[('भोजपुर', 100.0, 18), ('बारा', 80.0, 48), ('बाजुरा', 80.0, 65)]	Bhojpur
21	पञ्चकन्या माध्यमिक विद्यालय भोजपुर	pa~ncakanyaa maadhyamika vidyaalaya bhojapura	भोजपुर	100	[('भोजपुर', 100.0, 18), ('बारा', 80.0, 48), ('बाजुरा', 80.0, 65)]	Bhojpur
22	छिन्ताङ देवी आधारभूत विद्यालय, भोजपुर	"chintaa""na devii aadhaarabhuuta vidyaalaya, bhojapura"	भोजपुर	100	[('भोजपुर', 100.0, 18), ('बारा', 80.0, 48), ('बाजुरा', 80.0, 65)]	Bhojpur
23	भिमेश्वरी आधारभूत विद्यालय, भोजपुर	"bhime""svarii aadhaarabhuuta vidyaalaya, bhojapura"	भोजपुर	100	[('भोजपुर', 100.0, 18), ('बारा', 80.0, 48), ('बाजुरा', 80.0, 65)]	Bhojpur
24	सरस्वती प्राथमिक विधालय टक्सार भोजपुर	sarasvatii praathamika vidhaalaya .taksaara bhojapura	भोजपुर	100	[('भोजपुर', 100.0, 18), ('कास्की', 80.0, 29), ('बारा', 80.0, 48)]	Bhojpur
25	जनज्योती प्रा वि, तनहु	janajyotii praa vi, tanahu	तनहुँ	100	[('तनहुँ', 100.0, 38)]	Tanahun
26	क्यामिनकोट माध्यमिक विद्यालय, तनहूँ	kyaaminako.ta maadhyamika vidyaalaya, tanahuuँ	तनहुँ	100	[('तनहुँ', 100.0, 38)]	Tanahun
27	भवानी प्राथमिक विद्यालय, व्यास, तनहूँ	bhavaanii praathamika vidyaalaya, vyaasa, tanahuuँ	तनहुँ	100	[('तनहुँ', 100.0, 38)]	Tanahun
28	सिद्धेश्वर आधारभूत विद्यालय, गोदावरी, ललितपुर	"siddhe""svara aadhaarabhuuta vidyaalaya, godaavarii, lalitapura"	ललितपुर	100	[('ललितपुर', 100.0, 3), ('भक्तपुर', 83.33333333333334, 69), ('बारा', 80.0, 48)]	Lalitpur
29	चण्डी आधारभूत विद्यालय भोजपुर	ca.n.dii aadhaarabhuuta vidyaalaya bhojapura	भोजपुर	100	[('भोजपुर', 100.0, 18), ('बारा', 80.0, 48), ('बाजुरा', 80.0, 65)]	Bhojpur
30	जालपा आधारभूत विद्यालय -याङ थर्पू, भोजपुर	"jaalapaa aadhaarabhuuta vidyaalaya -yaa""na tharpuu, bhojapura"	भोजपुर	100	[('भोजपुर', 100.0, 18), ('बारा', 80.0, 48), ('बाजुरा', 80.0, 65)]	Bhojpur
31	शितलादेवी प्रा वि, भोजपुर	"""sitalaadevii praa vi, bhojapura"	भोजपुर	100	[('भोजपुर', 100.0, 18), ('बारा', 80.0, 48), ('बाजुरा', 80.0, 65)]	Bhojpur
32	सिंह बाहिनी प्राथमिक विद्यालय भोजपुर न॰पा॰, भोजपुर	si.mha baahinii praathamika vidyaalaya bhojapura na॰paa॰, bhojapura	भोजपुर	100	[('भोजपुर', 100.0, 18), ('बारा', 80.0, 48), ('बाजुरा', 80.0, 65)]	Bhojpur
33	जागृती मा॰वि, भक्तपुर	jaag.rtii maa॰vi, bhaktapura	भक्तपुर	100	[('भक्तपुर', 100.0, 69), ('ललितपुर', 83.33333333333334, 3), ('बारा', 80.0, 48)]	Bhaktapur
34	निर्मल प्रा वि, तनहु	nirmala praa vi, tanahu	तनहुँ	100	[('तनहुँ', 100.0, 38)]	Tanahun
35	अन्नपूर्ण प्राथमिक विद्यालय, तनहुँ	annapuur.na praathamika vidyaalaya, tanahuँ	तनहुँ	100	[('तनहुँ', 100.0, 38)]	Tanahun
36	सिंह जलेश्वरी निम्न माध्यमिक विधालय तिवारीभञ्ज्याङ भोजपुर	"si.mha jale""svarii nimna maadhyamika vidhaalaya tivaariibha~njyaa""na bhojapura"	भोजपुर	100	[('भोजपुर', 100.0, 18), ('बारा', 80.0, 48), ('बाजुरा', 80.0, 65)]	Bhojpur
37	साङ्गरुम्बा उ॰ माध्यमिक विधालय, साङ्गरुम्बा -३ इलाम	"saa""ngarumbaa u॰ maadhyamika vidhaalaya, saa""ngarumbaa -3 ilaama"	इलाम	100	[('इलाम', 100.0, 1), ('गुल्मी', 80.0, 25), ('दाङ्ग', 80.0, 72)]	Ilam
38	जीवनज्योति माध्यमिक विद्यालय, इलाम	jiivanajyoti maadhyamika vidyaalaya, ilaama	इलाम	100	[('इलाम', 100.0, 1), ('गुल्मी', 85.71428571428572, 25)]	Ilam
39	सितला देवी प्रा॰वि॰ तिवारी भञ्जाङ, भोजपुर	"sitalaa devii praa॰vi॰ tivaarii bha~njaa""na, bhojapura"	भोजपुर	100	[('भोजपुर', 100.0, 18), ('बारा', 80.0, 48), ('बाजुरा', 80.0, 65)]	Bhojpur
40	सिंहदेवी आधारभूत विद्यालय, इलाम	si.mhadevii aadhaarabhuuta vidyaalaya, ilaama	इलाम	100	[('इलाम', 100.0, 1), ('गुल्मी', 85.71428571428572, 25)]	Ilam
41	विजया आधारभूत विद्यालय आमचोक, इलाम	vijayaa aadhaarabhuuta vidyaalaya aamacoka, ilaama	इलाम	100	[('इलाम', 100.0, 1), ('गुल्मी', 85.71428571428572, 25)]	Ilam
42	कालिका माध्यमिक विधालय हेलौछा भोजपुर	kaalikaa maadhyamika vidhaalaya helauchaa bhojapura	भोजपुर	100	[('भोजपुर', 100.0, 18), ('बारा', 80.0, 48), ('बाजुरा', 80.0, 65)]	Bhojpur
43	आधारभूत विद्यालय कट्टीटोल, लगडी गदियानी, सिरहा	aadhaarabhuuta vidyaalaya ka.t.tii.tola, laga.dii gadiyaanii, sirahaa	सिराहा	85.7142857142857	[('सिराहा', 85.71428571428572, 67), ('सुर्खेत', 85.71428571428572, 74)]	Siraha
44	झारगाउ प्रा वि, तनहु	jhaaragaau praa vi, tanahu	तनहुँ	100	[('तनहुँ', 100.0, 38)]	Tanahun
45	ज्योति प्रा॰वि, भोजपुर	jyoti praa॰vi, bhojapura	भोजपुर	100	[('भोजपुर', 100.0, 18), ('बारा', 80.0, 48), ('बाजुरा', 80.0, 65)]	Bhojpur
46	ज्याति प्राथमिक विधालय ठुलोदम्मा भोजपुर	jyaati praathamika vidhaalaya .thulodammaa bhojapura	भोजपुर	100	[('भोजपुर', 100.0, 18), ('गुल्मी', 80.0, 25), ('बारा', 80.0, 48)]	Bhojpur
47	तिम्मा प्रा॰वि, भोजपुर	timmaa praa॰vi, bhojapura	भोजपुर	100	[('भोजपुर', 100.0, 18), ('बारा', 80.0, 48), ('बाजुरा', 80.0, 65)]	Bhojpur
48	पन्च कन्या प्राथमिक विधालय भलजिते, टक्सार-९	panca kanyaa praathamika vidhaalaya bhalajite, .taksaara-9	कास्की	80	[('कास्की', 80.0, 29), ('सिराहा', 80.0, 67)]	Kaski
49	पञ्चकन्या आधारभूत विद्यालय, याकु कट्टी, भोजपुर	pa~ncakanyaa aadhaarabhuuta vidyaalaya, yaaku ka.t.tii, bhojapura	भोजपुर	100	[('भोजपुर', 100.0, 18), ('बारा', 80.0, 48), ('बाजुरा', 80.0, 65)]	Bhojpur
50	वाणी माध्यमिक विद्यालय, सिधराहा, मोरङ	"vaa.nii maadhyamika vidyaalaya, sidharaahaa, mora""na"	मोरङ	100	[('मोरङ', 100.0, 57), ('मुगु', 80.0, 41), ('लमजुङ', 75.0, 5)]	Morang
51	छिम्केश्वरी प्रा बि, तनहु	"chimke""svarii praa bi, tanahu"	तनहुँ	100	[('तनहुँ', 100.0, 38)]	Tanahun
52	छिम्केश्वरी नि मा वि, तनहु	"chimke""svarii ni maa vi, tanahu"	तनहुँ	100	[('तनहुँ', 100.0, 38)]	Tanahun
53	राष्टि्य निम्न माध्यमिक विधालय सोयाङ, इलाम	"raa.s.tiya nimna maadhyamika vidhaalaya soyaa""na, ilaama"	इलाम	100	[('इलाम', 100.0, 1), ('गुल्मी', 85.71428571428572, 25)]	Ilam
54	किरांतेश्वर प्रा॰वि॰, इलाम	"kiraa.mte""svara praa॰vi॰, ilaama"	इलाम	100	[('इलाम', 100.0, 1), ('गुल्मी', 85.71428571428572, 25)]	Ilam
55	जलकन्या आधारभूत विद्यालय, फाकफोकथुम गा॰पा॰, इलाम	jalakanyaa aadhaarabhuuta vidyaalaya, phaakaphokathuma gaa॰paa॰, ilaama	इलाम	100	[('इलाम', 100.0, 1), ('गुल्मी', 85.71428571428572, 25)]	Ilam
56	आदरणीय निम्न माध्यमिक विधालय, इलाम	aadara.niiya nimna maadhyamika vidhaalaya, ilaama	इलाम	100	[('इलाम', 100.0, 1), ('गुल्मी', 85.71428571428572, 25)]	Ilam
57	जनकल्याण्ा प्रा॰वि॰दोकानडाँडा, इलाम	janakalyaa.naa praa॰vi॰dokaana.daaँ.daa, ilaama	इलाम	100	[('इलाम', 100.0, 1), ('गुल्मी', 85.71428571428572, 25)]	Ilam
58	मिल्लाचोक नि॰ मा॰बी, इलाम	millaacoka ni॰ maa॰bii, ilaama	इलाम	100	[('इलाम', 100.0, 1), ('गुल्मी', 85.71428571428572, 25)]	Ilam
59	जनकल्याण प्राथमिक विधालय आम्तेक भोजपुर	janakalyaa.na praathamika vidhaalaya aamteka bhojapura	भोजपुर	100	[('भोजपुर', 100.0, 18), ('बारा', 80.0, 48), ('बाजुरा', 80.0, 65)]	Bhojpur
60	शिक्षाक्षमाकन्या प्रा॰वि, भोजपुर	"""sik.saak.samaakanyaa praa॰vi, bhojapura"	भोजपुर	100	[('भोजपुर', 100.0, 18), ('बारा', 80.0, 48), ('बाजुरा', 80.0, 65)]	Bhojpur
61	बालमितेरी माध्यमिक विद्यालय, भोजपुर	baalamiterii maadhyamika vidyaalaya, bhojapura	भोजपुर	100	[('भोजपुर', 100.0, 18), ('बारा', 80.0, 48), ('बाजुरा', 80.0, 65)]	Bhojpur
62	कृष्ण प्राथमिक विद्यालय लेटाङ, मोरङ	"k.r.s.na praathamika vidyaalaya le.taa""na, mora""na"	मोरङ	100	[('मोरङ', 100.0, 57), ('मुगु', 80.0, 41), ('लमजुङ', 75.0, 5)]	Morang
63	अकला आधारभूत विद्यालय तनहुँ	akalaa aadhaarabhuuta vidyaalaya tanahuँ	तनहुँ	100	[('तनहुँ', 100.0, 38)]	Tanahun
64	श्री माध्यमिक विद्यालय, लंकू बाह्घरे, चितवन	"""srii maadhyamika vidyaalaya, la.mkuu baahghare, citavana"	चितवन	100	[('चितवन', 100.0, 62)]	Chitwan
65	खार्तन्छा नि॰मा॰वि॰, भोजपुर	khaartanchaa ni॰maa॰vi॰, bhojapura	भोजपुर	100	[('भोजपुर', 100.0, 18), ('बारा', 80.0, 48), ('बाजुरा', 80.0, 65)]	Bhojpur
66	धापखर्क प्रा वि, भोजपुर	dhaapakharka praa vi, bhojapura	भोजपुर	100	[('भोजपुर', 100.0, 18), ('बारा', 80.0, 48), ('बाजुरा', 80.0, 65)]	Bhojpur
67	पञ्चकन्या प्राथमिक विद्यालय पौवादुङमा गा॰पा॰, भोजपुर	"pa~ncakanyaa praathamika vidyaalaya pauvaadu""namaa gaa॰paa॰, bhojapura"	भोजपुर	100	[('भोजपुर', 100.0, 18), ('बारा', 80.0, 48), ('बाजुरा', 80.0, 65)]	Bhojpur
68	अमर ज्योती प्राथमिक विद्यालय, क्यामुनडाँडा झिरुबास, तनहुँ	amara jyotii praathamika vidyaalaya, kyaamuna.daaँ.daa jhirubaasa, tanahuँ	तनहुँ	100	[('तनहुँ', 100.0, 38)]	Tanahun
69	जन कल्याण आधारभूत विद्यालय, लक्ष्मीपुर -५, इलाम	jana kalyaa.na aadhaarabhuuta vidyaalaya, lak.smiipura -5, ilaama	इलाम	100	[('इलाम', 100.0, 1), ('गुल्मी', 85.71428571428572, 25)]	Ilam
70	विद्याधरी प्राथमिक विद्यालय रामप्रसादराई गा॰पा॰, भोजपुर	vidyaadharii praathamika vidyaalaya raamaprasaadaraaii gaa॰paa॰, bhojapura	भोजपुर	100	[('भोजपुर', 100.0, 18), ('बारा', 80.0, 48), ('बाजुरा', 80.0, 65)]	Bhojpur
71	देवीथान माध्यमिक विधालय आम्तेक भोजपुर	deviithaana maadhyamika vidhaalaya aamteka bhojapura	भोजपुर	100	[('भोजपुर', 100.0, 18), ('बारा', 80.0, 48), ('बाजुरा', 80.0, 65)]	Bhojpur
72	अमरज्योति प्राथमिक विद्यालय, शुक्लागन्डकी, तनहुं	"amarajyoti praathamika vidyaalaya, ""suklaagan.dakii, tanahu.m"	तनहुँ	100	[('तनहुँ', 100.0, 38)]	Tanahun
73	वरभन्ज्या नि॰मा॰वि॰, इलाम	varabhanjyaa ni॰maa॰vi॰, ilaama	इलाम	100	[('इलाम', 100.0, 1), ('गुल्मी', 85.71428571428572, 25)]	Ilam
74	नल देवी प्रा बि, तनहु	nala devii praa bi, tanahu	तनहुँ	100	[('तनहुँ', 100.0, 38)]	Tanahun
75	धर्म माध्यमिक विधालय भिमाद, तनहुँ	dharma maadhyamika vidhaalaya bhimaada, tanahuँ	तनहुँ	100	[('तनहुँ', 100.0, 38)]	Tanahun
76	मिक्लाचो मा॰वि॰, इलाम	miklaaco maa॰vi॰, ilaama	इलाम	100	[('इलाम', 100.0, 1), ('गुल्मी', 85.71428571428572, 25)]	Ilam
77	बुद्ध माध्यमिक विद्यालय, इलाम	buddha maadhyamika vidyaalaya, ilaama	इलाम	100	[('इलाम', 100.0, 1), ('गुल्मी', 85.71428571428572, 25)]	Ilam
78	रत्न देवी आधारभूत विद्यालय, गजुरमुखी, ईलाम	ratna devii aadhaarabhuuta vidyaalaya, gajuramukhii, iilaama	इलाम	85.7142857142857	[('इलाम', 85.71428571428572, 1), ('गुल्मी', 85.71428571428572, 25)]	Ilam
79	गजुरमुखी आधारभूत विद्यालय, इलाम	gajuramukhii aadhaarabhuuta vidyaalaya, ilaama	इलाम	100	[('इलाम', 100.0, 1), ('गुल्मी', 85.71428571428572, 25)]	Ilam
80	जालपा प्राथमिक विद्यालय अरुण, भोजपुर	jaalapaa praathamika vidyaalaya aru.na, bhojapura	भोजपुर	100	[('भोजपुर', 100.0, 18), ('बारा', 80.0, 48), ('बाजुरा', 80.0, 65)]	Bhojpur
81	सिंहेश्वरी आधारभूत विद्यालय, इलाम	"si.mhe""svarii aadhaarabhuuta vidyaalaya, ilaama"	इलाम	100	[('इलाम', 100.0, 1), ('गुल्मी', 85.71428571428572, 25)]	Ilam
82	सिद्धि विनायक प्राथमिक विधालय, सुम्बेक इलाम	siddhi vinaayaka praathamika vidhaalaya, sumbeka ilaama	इलाम	100	[('इलाम', 100.0, 1), ('गुल्मी', 80.0, 25), ('कैलाली', 80.0, 75)]	Ilam
83	दोभान प्रा॰वि॰, इलाम	dobhaana praa॰vi॰, ilaama	इलाम	100	[('इलाम', 100.0, 1), ('गुल्मी', 85.71428571428572, 25)]	Ilam
84	देवी प्रा॰वि॰, इलाम	devii praa॰vi॰, ilaama	इलाम	100	[('इलाम', 100.0, 1), ('गुल्मी', 85.71428571428572, 25)]	Ilam
85	इरौंटार आधारभूत विद्यालय रोङ गा॰पा॰, इलाम	"irau.m.taara aadhaarabhuuta vidyaalaya ro""na gaa॰paa॰, ilaama"	इलाम	100	[('इलाम', 100.0, 1), ('गुल्मी', 85.71428571428572, 25)]	Ilam
86	विद्या प्रा॰वि॰, इलाम	vidyaa praa॰vi॰, ilaama	इलाम	100	[('इलाम', 100.0, 1), ('गुल्मी', 85.71428571428572, 25)]	Ilam
87	महेश्वरा प्राथमिक विद्यालय, निन्दाखु, साेयाक, इलाम	"mahe""svaraa praathamika vidyaalaya, nindaakhu, saaeyaaka, ilaama"	इलाम	100	[('इलाम', 100.0, 1), ('गुल्मी', 85.71428571428572, 25)]	Ilam
88	बिक्री प्रा॰ बी ॰, इलाम	bikrii praa॰ bii ॰, ilaama	इलाम	100	[('इलाम', 100.0, 1), ('गुल्मी', 85.71428571428572, 25)]	Ilam
89	भगवती माध्यमिक विद्यालय, गोलाखर्क, इलाम	bhagavatii maadhyamika vidyaalaya, golaakharka, ilaama	इलाम	100	[('इलाम', 100.0, 1), ('गुल्मी', 85.71428571428572, 25)]	Ilam
90	देउराली प्रा॰वि॰, जितपुर, इलाम	deuraalii praa॰vi॰, jitapura, ilaama	इलाम	100	[('इलाम', 100.0, 1), ('गुल्मी', 85.71428571428572, 25)]	Ilam
91	आदर्श प्रा॰वि॰, फिक्कल, इलाम	"aadar""sa praa॰vi॰, phikkala, ilaama"	इलाम	100	[('इलाम', 100.0, 1), ('गुल्मी', 85.71428571428572, 25)]	Ilam
92	आदर्श माध्यमिक विद्यालय, इलाम	"aadar""sa maadhyamika vidyaalaya, ilaama"	इलाम	100	[('इलाम', 100.0, 1), ('गुल्मी', 85.71428571428572, 25)]	Ilam
93	नेपालटार माध्यमिक विद्यालय साखेजुङ, इलाम	"nepaala.taara maadhyamika vidyaalaya saakheju""na, ilaama"	इलाम	100	[('इलाम', 100.0, 1), ('गुल्मी', 85.71428571428572, 25)]	Ilam
94	दृपादवी प्रा॰वि॰, इलाम	d.rpaadavii praa॰vi॰, ilaama	इलाम	100	[('इलाम', 100.0, 1), ('गुल्मी', 85.71428571428572, 25)]	Ilam
95	पशुपति कन्या मन्दिर माध्यमिक विधालय, दोलखा	"pa""supati kanyaa mandira maadhyamika vidhaalaya, dolakhaa"	दोलखा	100	[('दोलखा', 100.0, 37), ('दैलेख', 85.71428571428572, 14), ('सोलुखुम्बु', 75.0, 58)]	Dolakha
96	नव ज्योती आधारभूत विद्यालय, इलाम	nava jyotii aadhaarabhuuta vidyaalaya, ilaama	इलाम	100	[('इलाम', 100.0, 1), ('गुल्मी', 85.71428571428572, 25)]	Ilam
97	भगवती माध्यमिक विद्यालय, इलाम	bhagavatii maadhyamika vidyaalaya, ilaama	इलाम	100	[('इलाम', 100.0, 1), ('गुल्मी', 85.71428571428572, 25)]	Ilam
98	भगवती उ॰ माध्यमिक विधालय धुसेनी-६ इलाम	bhagavatii u॰ maadhyamika vidhaalaya dhusenii-6 ilaama	इलाम	100	[('इलाम', 100.0, 1), ('गुल्मी', 80.0, 25)]	Ilam
99	हिमाली माध्यमिक विद्यालय पृथ्वीनगर, झापा	himaalii maadhyamika vidyaalaya p.rthviinagara, jhaapaa	झापा	100	[('झापा', 100.0, 56), ('रामेछाप', 80.0, 22), ('रोल्पा', 80.0, 30)]	Jhapa
100	महेन्द्र रत्न माध्यमिक विद्यालय, विर्तामोड, झापा	mahendra ratna maadhyamika vidyaalaya, virtaamo.da, jhaapaa	झापा	100	[('झापा', 100.0, 56), ('रामेछाप', 80.0, 22), ('रोल्पा', 80.0, 30)]	Jhapa
101	कालीका मा बि, तनहु	kaaliikaa maa bi, tanahu	तनहुँ	100	[('तनहुँ', 100.0, 38)]	Tanahun
102	सिद्धमहाकाली माध्यमिक विद्यालय, तनहुँ	siddhamahaakaalii maadhyamika vidyaalaya, tanahuँ	तनहुँ	100	[('तनहुँ', 100.0, 38)]	Tanahun
103	लक्ष्मी नारायण्ा प्रा वि, भोजपुर	lak.smii naaraaya.naa praa vi, bhojapura	भोजपुर	100	[('भोजपुर', 100.0, 18), ('बारा', 80.0, 48), ('बाजुरा', 80.0, 65)]	Bhojpur
104	रचना प्रा वि, भोजपुर	racanaa praa vi, bhojapura	भोजपुर	100	[('भोजपुर', 100.0, 18), ('बारा', 80.0, 48), ('बाजुरा', 80.0, 65)]	Bhojpur
105	जाल्पा प्राथमिक विधालय सानेदुम्मा भोजपुर	jaalpaa praathamika vidhaalaya saanedummaa bhojapura	भोजपुर	100	[('भोजपुर', 100.0, 18), ('बारा', 80.0, 48), ('बाजुरा', 80.0, 65)]	Bhojpur
106	कटका माध्यमिक विधालय याङपाङ भोजपुर	"ka.takaa maadhyamika vidhaalaya yaa""napaa""na bhojapura"	भोजपुर	100	[('भोजपुर', 100.0, 18), ('बारा', 80.0, 48), ('बाजुरा', 80.0, 65)]	Bhojpur
107	पारवती मा बि, तनहु	paaravatii maa bi, tanahu	तनहुँ	100	[('तनहुँ', 100.0, 38)]	Tanahun
108	ज्योति प्रा वि, भोजपुर	jyoti praa vi, bhojapura	भोजपुर	100	[('भोजपुर', 100.0, 18), ('बारा', 80.0, 48), ('बाजुरा', 80.0, 65)]	Bhojpur
109	सिंहदेवी माध्यमिक विधालय हलौछा भोजपुर ।	si.mhadevii maadhyamika vidhaalaya halauchaa bhojapura |	भोजपुर	100	[('भोजपुर', 100.0, 18), ('बारा', 80.0, 48), ('बाजुरा', 80.0, 65)]	Bhojpur
110	लक्ष्मी उ॰ माध्यमिक विधालय, थुमपोखरा स्याङजा	"lak.smii u॰ maadhyamika vidhaalaya, thumapokharaa syaa""najaa"	स्याङ्गजा	85.7142857142857	[('स्याङ्गजा', 85.71428571428572, 23), ('पर्सा', 75.0, 21)]	Syangja
111	आनन्द आधारभूत विद्यालय रातामाटे, मधुवन, बर्दिया	aananda aadhaarabhuuta vidyaalaya raataamaa.te, madhuvana, bardiyaa	बर्दिया	100	[('बर्दिया', 100.0, 13), ('बारा', 80.0, 48)]	Bardiya
112	जयनेपाल प्रा वि, तनहु	jayanepaala praa vi, tanahu	तनहुँ	100	[('तनहुँ', 100.0, 38)]	Tanahun
113	राष्ट्रिय आधारभूत विद्यालय, तनहुँ	raa.s.triya aadhaarabhuuta vidyaalaya, tanahuँ	तनहुँ	100	[('तनहुँ', 100.0, 38)]	Tanahun
114	शंकर माध्यमिक विद्यालय, तनहुँ	"""sa.mkara maadhyamika vidyaalaya, tanahuँ"	तनहुँ	100	[('तनहुँ', 100.0, 38)]	Tanahun
115	जनक माध्यमिक विद्यालय गैंडाकोट, व॰सु॰पूर्व नवलपरासी	janaka maadhyamika vidyaalaya gai.m.daako.ta, va॰su॰puurva navalaparaasii	पर्सा	100	[('पर्सा', 100.0, 21), ('पूर्व नवलपरासी', 100.0, 39), ('पश्चिम नवलपरासी', 81.4814814814815, 26)]	Parsa
116	सरस्वती आधारभूत विद्यालय भानु न॰पा, तनहुँ	sarasvatii aadhaarabhuuta vidyaalaya bhaanu na॰paa, tanahuँ	तनहुँ	100	[('तनहुँ', 100.0, 38)]	Tanahun
117	जिवनज्याेति आधारभूत विद्यालय, भरतपुर, चितवन	jivanajyaaeti aadhaarabhuuta vidyaalaya, bharatapura, citavana	चितवन	100	[('चितवन', 100.0, 62)]	Chitwan
118	दुर्गा शेषकान्त अधिकारी माध्यमिक विद्यालय, विजयनगर, चितवन	"durgaa ""se.sakaanta adhikaarii maadhyamika vidyaalaya, vijayanagara, citavana"	चितवन	100	[('चितवन', 100.0, 62)]	Chitwan
119	महेन्द्र ज्योती माध्यमिक विद्यालय तनहुँ	mahendra jyotii maadhyamika vidyaalaya tanahuँ	तनहुँ	100	[('तनहुँ', 100.0, 38)]	Tanahun
120	कृष्ण माध्यमिक विद्यालय घिरिङ, तनहुँ	"k.r.s.na maadhyamika vidyaalaya ghiri""na, tanahuँ"	तनहुँ	100	[('तनहुँ', 100.0, 38)]	Tanahun
121	गुदी फच्याङ आधारभूत विद्यालय, तनहुँ	"gudii phacyaa""na aadhaarabhuuta vidyaalaya, tanahuँ"	तनहुँ	100	[('तनहुँ', 100.0, 38)]	Tanahun
122	माहेन्द्री माध्यमिक विद्यालय व्यास, तनहुँ	maahendrii maadhyamika vidyaalaya vyaasa, tanahuँ	तनहुँ	100	[('तनहुँ', 100.0, 38)]	Tanahun
123	बाराही प्राथमिक विद्यालय ऋषिङ गा॰पा॰, तनहुँ	"baaraahii praathamika vidyaalaya .r.si""na gaa॰paa॰, tanahuँ"	तनहुँ	100	[('तनहुँ', 100.0, 38)]	Tanahun
124	दिपक मा बि, तनहु	dipaka maa bi, tanahu	तनहुँ	100	[('तनहुँ', 100.0, 38)]	Tanahun
125	कुस्मावती प्राथमिक विद्यालय तनहुँ	kusmaavatii praathamika vidyaalaya tanahuँ	तनहुँ	100	[('तनहुँ', 100.0, 38)]	Tanahun
126	कृष्ण गण्डकी प्राथमिक विद्यालय, बेलस्वाँरा, तनहुँ	k.r.s.na ga.n.dakii praathamika vidyaalaya, belasvaaँraa, tanahuँ	तनहुँ	100	[('तनहुँ', 100.0, 38)]	Tanahun
127	श्री आधारभूत विद्यालय सिसावास, पर्साबजार, चितवन	"""srii aadhaarabhuuta vidyaalaya sisaavaasa, parsaabajaara, citavana"	चितवन	100	[('चितवन', 100.0, 62)]	Chitwan
128	कालिगण्डकी प्रा वि	kaaliga.n.dakii praa vi	पूर्व नवलपरासी	90.9090909090909	[('पूर्व नवलपरासी', 90.9090909090909, 39), ('रुकुम पूर्व', 90.9090909090909, 40), ('पर्सा', 75.0, 21)]	Eastern Nawalparasi
129	अरनिको उ॰ माध्यमिक विधालय मिर्लुङ, तनहुँ	"araniko u॰ maadhyamika vidhaalaya mirlu""na, tanahuँ"	तनहुँ	100	[('तनहुँ', 100.0, 38)]	Tanahun
130	मुकुन्देश्वरी प्रा वि, तनहु	"mukunde""svarii praa vi, tanahu"	तनहुँ	100	[('तनहुँ', 100.0, 38)]	Tanahun
131	जनता प्राथमिक विधालय व्यास तनुहुँ	janataa praathamika vidhaalaya vyaasa tanuhuँ				
132	नवदुर्गा माध्यमिक विधालय रामपुर पाल्पा	navadurgaa maadhyamika vidhaalaya raamapura paalpaa	पाल्पा	100	[('पाल्पा', 100.0, 71), ('रोल्पा', 88.88888888888889, 30), ('डोल्पा', 88.88888888888889, 55)]	Palpa
133	चन्द्रज्योती मा बि, तनहु	candrajyotii maa bi, tanahu	तनहुँ	100	[('तनहुँ', 100.0, 38)]	Tanahun
134	चन्द्र ज्योती माध्यमिक विद्यालय, तनहुँ	candra jyotii maadhyamika vidyaalaya, tanahuँ	तनहुँ	100	[('तनहुँ', 100.0, 38)]	Tanahun
135	संगम माध्यमिक विद्यालय अन्पूर्ण गा॰पा, कास्की	sa.mgama maadhyamika vidyaalaya anpuur.na gaa॰paa, kaaskii	कास्की	100	[('कास्की', 100.0, 29), ('कालीकोट', 80.0, 32), ('बाँके', 75.0, 73)]	Kaski
136	पोखरी प्रा॰वि॰, इलाम	pokharii praa॰vi॰, ilaama	इलाम	100	[('इलाम', 100.0, 1), ('गुल्मी', 85.71428571428572, 25)]	Ilam
137	आदर्श माध्यमिक विद्यालय, सानोठिमी, भक्तपुर	"aadar""sa maadhyamika vidyaalaya, saano.thimii, bhaktapura"	भक्तपुर	100	[('भक्तपुर', 100.0, 69), ('ललितपुर', 83.33333333333334, 3), ('बारा', 80.0, 48)]	Bhaktapur
138	बालमण्डल माध्यमिक विद्यालय, इलाम न॰पा॰, इलाम	baalama.n.dala maadhyamika vidyaalaya, ilaama na॰paa॰, ilaama	इलाम	100	[('इलाम', 100.0, 1), ('गुल्मी', 85.71428571428572, 25)]	Ilam
139	श्री कालिका देवी प्राथमिक विद्यालय, आमचोक, रातमाटे।इलाम	"""srii kaalikaa devii praathamika vidyaalaya, aamacoka, raatamaa.te|ilaama"	इलाम	100	[('इलाम', 100.0, 1), ('गुल्मी', 80.0, 25), ('पर्वत', 75.0, 11)]	Ilam
140	सुभद्रा प्राथमिक विधालय फाकफोक इलाम	subhadraa praathamika vidhaalaya phaakaphoka ilaama	इलाम	100	[('इलाम', 100.0, 1), ('गुल्मी', 80.0, 25), ('कैलाली', 80.0, 75)]	Ilam
141	नवीनप्रगती प्रा॰वि॰, इलाम	naviinapragatii praa॰vi॰, ilaama	इलाम	100	[('इलाम', 100.0, 1), ('गुल्मी', 85.71428571428572, 25)]	Ilam
142	जनशक्ति प्रा॰ वी॰, तनहु	"jana""sakti praa॰ vii॰, tanahu"	तनहुँ	100	[('तनहुँ', 100.0, 38)]	Tanahun
143	लक्ष्मि देवी प्राथमिक विद्यालय, आमचोक, इलाम	lak.smi devii praathamika vidyaalaya, aamacoka, ilaama	इलाम	100	[('इलाम', 100.0, 1), ('गुल्मी', 85.71428571428572, 25)]	Ilam
144	महेन्द्रोदय आधारभूत विद्यालय, इलाम	mahendrodaya aadhaarabhuuta vidyaalaya, ilaama	इलाम	100	[('इलाम', 100.0, 1), ('गुल्मी', 85.71428571428572, 25)]	Ilam
145	कालीगण्डकी आधारभूत विद्यालय, तनहुँ	kaaliiga.n.dakii aadhaarabhuuta vidyaalaya, tanahuँ	तनहुँ	100	[('तनहुँ', 100.0, 38)]	Tanahun
146	महादेव आधारभूत विद्यालय देवघाट, तनहुँ	mahaadeva aadhaarabhuuta vidyaalaya devaghaa.ta, tanahuँ	तनहुँ	100	[('तनहुँ', 100.0, 38)]	Tanahun
147	माध्यमिक विधालय उ०मा०वि	maadhyamika vidhaalaya u0maa0vi				
148	सुम्बेक नि॰मा॰वि॰, इलाम	sumbeka ni॰maa॰vi॰, ilaama	इलाम	100	[('इलाम', 100.0, 1), ('गुल्मी', 85.71428571428572, 25)]	Ilam
149	सिद्देश्वरी प्रा॰वि॰, बरबोटे, इलाम	"sidde""svarii praa॰vi॰, barabo.te, ilaama"	इलाम	100	[('इलाम', 100.0, 1), ('गुल्मी', 85.71428571428572, 25)]	Ilam
150	आदर्श आधारभूत विद्यालय इलाम न॰पा॰, इलाम	"aadar""sa aadhaarabhuuta vidyaalaya ilaama na॰paa॰, ilaama"	इलाम	100	[('इलाम', 100.0, 1), ('गुल्मी', 85.71428571428572, 25)]	Ilam
151	नारायणी नमूना माध्यमिक विद्यालय, भरतपुर-१०, चितवन	naaraaya.nii namuunaa maadhyamika vidyaalaya, bharatapura-10, citavana	चितवन	100	[('चितवन', 100.0, 62)]	Chitwan
152	जन शिशु कल्याण आधारभूत विद्यालय, तनहुँ	"jana ""si""su kalyaa.na aadhaarabhuuta vidyaalaya, tanahuँ"	तनहुँ	100	[('तनहुँ', 100.0, 38)]	Tanahun
153	जनप्रभात माध्यमिक विद्यालय, काठमाडौं	janaprabhaata maadhyamika vidyaalaya, kaa.thamaa.dau.m	काठमाडौं	100	[('काठमाडौं', 100.0, 4)]	Kathmandu
154	पुवामाई प्रा॰वि॰, इलाम	puvaamaaii praa॰vi॰, ilaama	इलाम	100	[('इलाम', 100.0, 1), ('गुल्मी', 85.71428571428572, 25)]	Ilam
155	नन्द माध्यमिक विद्यालय, इलाम न॰पा॰, इलाम	nanda maadhyamika vidyaalaya, ilaama na॰paa॰, ilaama	इलाम	100	[('इलाम', 100.0, 1), ('गुल्मी', 85.71428571428572, 25)]	Ilam
156	बुद्ध आर्दश उ॰ माध्यमिक विधालय, झापा	"buddha aarda""sa u॰ maadhyamika vidhaalaya, jhaapaa"	झापा	100	[('झापा', 100.0, 56), ('रामेछाप', 80.0, 22), ('रोल्पा', 80.0, 30)]	Jhapa
157	वरचुली माध्यमिक विद्यालय देवचुली, व॰सु॰पूर्व नवलपरासी	varaculii maadhyamika vidyaalaya devaculii, va॰su॰puurva navalaparaasii	पर्सा	100	[('पर्सा', 100.0, 21), ('पूर्व नवलपरासी', 100.0, 39), ('पश्चिम नवलपरासी', 81.4814814814815, 26)]	Parsa
158	महादेव प्रा॰वि॰, इलाम	mahaadeva praa॰vi॰, ilaama	इलाम	100	[('इलाम', 100.0, 1), ('गुल्मी', 85.71428571428572, 25)]	Ilam
159	नर प्रा॰वि॰, इलाम	nara praa॰vi॰, ilaama	इलाम	100	[('इलाम', 100.0, 1), ('गुल्मी', 85.71428571428572, 25)]	Ilam
160	हात्तीटार आधारभूत विद्यालय, माईजोगमाई, इलाम	haattii.taara aadhaarabhuuta vidyaalaya, maaiijogamaaii, ilaama	इलाम	100	[('इलाम', 100.0, 1), ('गुल्मी', 85.71428571428572, 25)]	Ilam
161	लक्ष्मी विद्या भवन आधारभूत विद्यालय, माई न॰पा, इलाम	lak.smii vidyaa bhavana aadhaarabhuuta vidyaalaya, maaii na॰paa, ilaama	इलाम	100	[('इलाम', 100.0, 1), ('गुल्मी', 85.71428571428572, 25)]	Ilam
162	नेपाल ज्योती आधारभूत विद्यालय, नामसालिङ, इलाम	"nepaala jyotii aadhaarabhuuta vidyaalaya, naamasaali""na, ilaama"	इलाम	100	[('इलाम', 100.0, 1), ('गुल्मी', 85.71428571428572, 25)]	Ilam
163	गजुरमुखी आधारभूत विद्यालय, जीतपुर, इलाम	gajuramukhii aadhaarabhuuta vidyaalaya, jiitapura, ilaama	इलाम	100	[('इलाम', 100.0, 1), ('गुल्मी', 85.71428571428572, 25)]	Ilam
164	ज्ञानोदय प्राथमिक विधालय, वढहरे इलाम	j~naanodaya praathamika vidhaalaya, va.dhahare ilaama	इलाम	100	[('इलाम', 100.0, 1), ('गुल्मी', 80.0, 25)]	Ilam
165	सरस्वती प्राथमिक विधालय, समालबुङ, इलाम	"sarasvatii praathamika vidhaalaya, samaalabu""na, ilaama"	इलाम	100	[('इलाम', 100.0, 1), ('गुल्मी', 85.71428571428572, 25)]	Ilam
166	जनता प्राथमिक विधालय प्याङ्ग, इलाम	"janataa praathamika vidhaalaya pyaa""nga, ilaama"	इलाम	100	[('इलाम', 100.0, 1), ('गुल्मी', 85.71428571428572, 25)]	Ilam
167	सिद्धार्थ आधारभूत विद्यालय, इलाम	siddhaartha aadhaarabhuuta vidyaalaya, ilaama	इलाम	100	[('इलाम', 100.0, 1), ('गुल्मी', 85.71428571428572, 25)]	Ilam
168	राष्ट्रिय आधारभूत विद्यालय, माइजोगमाई, इलाम	raa.s.triya aadhaarabhuuta vidyaalaya, maaijogamaaii, ilaama	इलाम	100	[('इलाम', 100.0, 1), ('गुल्मी', 85.71428571428572, 25)]	Ilam
169	हमालय निम्न माध्यमिक विधालय, चसापानी, इलाम	hamaalaya nimna maadhyamika vidhaalaya, casaapaanii, ilaama	इलाम	100	[('इलाम', 100.0, 1), ('गुल्मी', 85.71428571428572, 25)]	Ilam
170	पूर्णस्मारक माध्यमिक विद्यालय, इलाम	puur.nasmaaraka maadhyamika vidyaalaya, ilaama	इलाम	100	[('इलाम', 100.0, 1), ('गुल्मी', 85.71428571428572, 25)]	Ilam
171	जनकल्याण प्राथमिक विधालय गोदक, इलाम	janakalyaa.na praathamika vidhaalaya godaka, ilaama	इलाम	100	[('इलाम', 100.0, 1), ('गुल्मी', 85.71428571428572, 25)]	Ilam
172	सरस्वती उ॰ माध्यमिक विद्यालय, वतासे, इलाम	sarasvatii u॰ maadhyamika vidyaalaya, vataase, ilaama	इलाम	100	[('इलाम', 100.0, 1), ('गुल्मी', 85.71428571428572, 25)]	Ilam
173	राष्टप्रेमी उ॰ माध्यमिक विधालय, इलाम	raa.s.tapremii u॰ maadhyamika vidhaalaya, ilaama	इलाम	100	[('इलाम', 100.0, 1), ('गुल्मी', 85.71428571428572, 25)]	Ilam
174	वालकन्या नि॰मा॰वि॰, इलाम	vaalakanyaa ni॰maa॰vi॰, ilaama	इलाम	100	[('इलाम', 100.0, 1), ('गुल्मी', 85.71428571428572, 25)]	Ilam
175	युवावर्ष प्रा॰वि॰, इलाम	yuvaavar.sa praa॰vi॰, ilaama	इलाम	100	[('इलाम', 100.0, 1), ('गुल्मी', 85.71428571428572, 25)]	Ilam
176	त्रिभुवन प्रा॰वि॰पञ्चकन्या, इलाम	tribhuvana praa॰vi॰pa~ncakanyaa, ilaama	इलाम	100	[('इलाम', 100.0, 1), ('गुल्मी', 85.71428571428572, 25)]	Ilam
177	अमर ज्योती आधारभूत विद्यालय साङरुम्बा, इलाम	"amara jyotii aadhaarabhuuta vidyaalaya saa""narumbaa, ilaama"	इलाम	100	[('इलाम', 100.0, 1), ('गुल्मी', 85.71428571428572, 25)]	Ilam
178	महेश्वरा निम्न माध्यमिक विधालय, सोयाक इलाम	"mahe""svaraa nimna maadhyamika vidhaalaya, soyaaka ilaama"	इलाम	100	[('इलाम', 100.0, 1), ('गुल्मी', 80.0, 25), ('सल्यान', 80.0, 64)]	Ilam
179	देउमाई आधारभूत विद्यालय, ईलाम	deumaaii aadhaarabhuuta vidyaalaya, iilaama	इलाम	85.7142857142857	[('इलाम', 85.71428571428572, 1), ('गुल्मी', 85.71428571428572, 25)]	Ilam
180	सूर्योदय आधारभूत विद्यालय, बरबोटे, इलाम	suuryodaya aadhaarabhuuta vidyaalaya, barabo.te, ilaama	इलाम	100	[('इलाम', 100.0, 1), ('गुल्मी', 85.71428571428572, 25)]	Ilam
181	बाल कल्याण आधारभूत विद्यालय, इलाम	baala kalyaa.na aadhaarabhuuta vidyaalaya, ilaama	इलाम	100	[('इलाम', 100.0, 1), ('गुल्मी', 85.71428571428572, 25)]	Ilam
182	जाल्पा प्रा॰ वी॰, इलाम	jaalpaa praa॰ vii॰, ilaama	इलाम	100	[('इलाम', 100.0, 1), ('गुल्मी', 85.71428571428572, 25)]	Ilam
183	नारायण आधारभूत विद्यालय, गोदक इलाम	naaraaya.na aadhaarabhuuta vidyaalaya, godaka ilaama	इलाम	100	[('इलाम', 100.0, 1), ('गुल्मी', 80.0, 25), ('कैलाली', 80.0, 75)]	Ilam
184	सरस्वती प्रा॰वि॰, दानाबारी, इलाम	sarasvatii praa॰vi॰, daanaabaarii, ilaama	इलाम	100	[('इलाम', 100.0, 1), ('गुल्मी', 85.71428571428572, 25)]	Ilam
185	भगवती आधारभूत विद्यालय, जितपुर, इलाम	bhagavatii aadhaarabhuuta vidyaalaya, jitapura, ilaama	इलाम	100	[('इलाम', 100.0, 1), ('गुल्मी', 85.71428571428572, 25)]	Ilam
186	जालपा नि॰मा॰वि।, इलाम	jaalapaa ni॰maa॰vi|, ilaama	इलाम	100	[('इलाम', 100.0, 1), ('गुल्मी', 85.71428571428572, 25)]	Ilam
187	कमल देवी आधारभूत विद्यालय, इलाम	kamala devii aadhaarabhuuta vidyaalaya, ilaama	इलाम	100	[('इलाम', 100.0, 1), ('गुल्मी', 85.71428571428572, 25)]	Ilam
188	फलाटे माध्यमिक विद्यालय, इलाम	phalaa.te maadhyamika vidyaalaya, ilaama	इलाम	100	[('इलाम', 100.0, 1), ('गुल्मी', 85.71428571428572, 25)]	Ilam
189	वालमण्डल उ॰ माध्यमिक विधालय, इलाम	vaalama.n.dala u॰ maadhyamika vidhaalaya, ilaama	इलाम	100	[('इलाम', 100.0, 1), ('गुल्मी', 85.71428571428572, 25)]	Ilam
190	वाल्मिकी सिंहदेवी आधारभूत विद्यालय, इलाम	vaalmikii si.mhadevii aadhaarabhuuta vidyaalaya, ilaama	इलाम	100	[('इलाम', 100.0, 1), ('गुल्मी', 85.71428571428572, 25)]	Ilam
191	जनता माध्यमिक विद्यालय माई नगरपालिका, इलाम	janataa maadhyamika vidyaalaya maaii nagarapaalikaa, ilaama	इलाम	100	[('इलाम', 100.0, 1), ('गुल्मी', 85.71428571428572, 25)]	Ilam
192	थोकफेला प्राथमिक विधालय, इलाम	thokaphelaa praathamika vidhaalaya, ilaama	इलाम	100	[('इलाम', 100.0, 1), ('गुल्मी', 85.71428571428572, 25)]	Ilam
193	नारायण जन माध्यमिक विधालय मच्छेगाउँ, काठमाडौं	naaraaya.na jana maadhyamika vidhaalaya macchegaauँ, kaa.thamaa.dau.m	काठमाडौं	100	[('काठमाडौं', 100.0, 4)]	Kathmandu
194	विणापाणी माध्यमिक विद्यालय, इलाम	vi.naapaa.nii maadhyamika vidyaalaya, ilaama	इलाम	100	[('इलाम', 100.0, 1), ('गुल्मी', 85.71428571428572, 25)]	Ilam
195	बाँझोगाउँ माध्यमिक विद्यालय चुलाचुली, इलाम	baaँjhogaauँ maadhyamika vidyaalaya culaaculii, ilaama	इलाम	100	[('इलाम', 100.0, 1), ('गुल्मी', 85.71428571428572, 25)]	Ilam
196	सिद्ध देवी प्राथमिक विधालय पुवामजुवा, इलाम	siddha devii praathamika vidhaalaya puvaamajuvaa, ilaama	इलाम	100	[('इलाम', 100.0, 1), ('गुल्मी', 85.71428571428572, 25)]	Ilam
197	सिद्धदेउमाई निम्न माध्यमिक विधालय चयैता, इलाम	siddhadeumaaii nimna maadhyamika vidhaalaya cayaitaa, ilaama	इलाम	100	[('इलाम', 100.0, 1), ('गुल्मी', 85.71428571428572, 25)]	Ilam
198	डम्बर देवी माध्यमिक विद्यालय, इलाम	.dambara devii maadhyamika vidyaalaya, ilaama	इलाम	100	[('इलाम', 100.0, 1), ('गुल्मी', 85.71428571428572, 25)]	Ilam
199	माहेन्द्र माध्यमिक विद्यालय, तनहुँ	maahendra maadhyamika vidyaalaya, tanahuँ	तनहुँ	100	[('तनहुँ', 100.0, 38)]	Tanahun
200	नारायण्ाचौर प्रा वि, तनहु	naaraaya.naacaura praa vi, tanahu	तनहुँ	100	[('तनहुँ', 100.0, 38)]	Tanahun
201	सल्लेरी प्रा॰वि॰, इलाम	sallerii praa॰vi॰, ilaama	इलाम	100	[('इलाम', 100.0, 1), ('गुल्मी', 85.71428571428572, 25)]	Ilam
202	जनता प्राथमिक विद्यालय चमैता, इलाम	janataa praathamika vidyaalaya camaitaa, ilaama	इलाम	100	[('इलाम', 100.0, 1), ('गुल्मी', 85.71428571428572, 25)]	Ilam
203	सिंहदेवी माध्यमिक विद्यालय, इलाम	si.mhadevii maadhyamika vidyaalaya, ilaama	इलाम	100	[('इलाम', 100.0, 1), ('गुल्मी', 85.71428571428572, 25)]	Ilam
204	भृकुटी माध्यमिक विधालय, तनहुँ	bh.rku.tii maadhyamika vidhaalaya, tanahuँ	तनहुँ	100	[('तनहुँ', 100.0, 38)]	Tanahun
205	जनसहयोगी माध्यमिक विद्यालय भानु न॰पा॰, तनहुँ	janasahayogii maadhyamika vidyaalaya bhaanu na॰paa॰, tanahuँ	तनहुँ	100	[('तनहुँ', 100.0, 38)]	Tanahun
206	दुल्लभ माध्यमिक विद्यालय मसेल, गोरखा	dullabha maadhyamika vidyaalaya masela, gorakhaa	गोरखा	100	[('गोरखा', 100.0, 70), ('सुर्खेत', 75.0, 74)]	Gorkha
207	जीवन ज्योति माध्यमिक विद्यालय, काफलडाँडा, गोरखा	jiivana jyoti maadhyamika vidyaalaya, kaaphala.daaँ.daa, gorakhaa	गोरखा	100	[('गोरखा', 100.0, 70), ('सुर्खेत', 75.0, 74)]	Gorkha
208	हिरामणि आधारभूत विद्यालय, तनहुँ	hiraama.ni aadhaarabhuuta vidyaalaya, tanahuँ	तनहुँ	100	[('तनहुँ', 100.0, 38)]	Tanahun
209	चिसोपानी माध्यमिक विद्यालय, माङसेबुङ, इलाम	"cisopaanii maadhyamika vidyaalaya, maa""nasebu""na, ilaama"	इलाम	100	[('इलाम', 100.0, 1), ('गुल्मी', 85.71428571428572, 25)]	Ilam
210	जनता जायसवाल माध्यमिक विद्यालय गोदार, धनुषा	janataa jaayasavaala maadhyamika vidyaalaya godaara, dhanu.saa	धनुषा	100	[('धनुषा', 100.0, 20), ('धनकुटा', 75.0, 44)]	Dhanusa
211	माध्यमिक विद्यालय दिगम्बरपुर धनुषा	maadhyamika vidyaalaya digambarapura dhanu.saa	धनुषा	100	[('धनुषा', 100.0, 20), ('पर्सा', 75.0, 21), ('मोरङ', 75.0, 57)]	Dhanusa
212	बुद्धशान्ति माध्यमिक विद्यालय, राप्ती, चितवन	"buddha""saanti maadhyamika vidyaalaya, raaptii, citavana"	चितवन	100	[('चितवन', 100.0, 62)]	Chitwan
213	बशाहास्थान मा बि, तनहु	"ba""saahaasthaana maa bi, tanahu"	तनहुँ	100	[('तनहुँ', 100.0, 38)]	Tanahun
214	आनन्दज्योति माध्यमिक विद्यालय पोखरा, कास्की	aanandajyoti maadhyamika vidyaalaya pokharaa, kaaskii	कास्की	100	[('कास्की', 100.0, 29), ('कालीकोट', 80.0, 32), ('बाँके', 75.0, 73)]	Kaski
215	लक्ष्मी नि मा वि, तनहु	lak.smii ni maa vi, tanahu	तनहुँ	100	[('तनहुँ', 100.0, 38)]	Tanahun
216	गोरख आधारभूत विद्यालय, समालवुङ्ग, इलाम	"gorakha aadhaarabhuuta vidyaalaya, samaalavu""nga, ilaama"	इलाम	100	[('इलाम', 100.0, 1), ('गुल्मी', 85.71428571428572, 25)]	Ilam
217	सिंहआदर्श प्रा॰वि॰, इलाम	"si.mhaaadar""sa praa॰vi॰, ilaama"	इलाम	100	[('इलाम', 100.0, 1), ('गुल्मी', 85.71428571428572, 25)]	Ilam
218	प्याङ्ग माध्यमिक विद्यालय प्याङ कुटीडाँडा, इलाम	"pyaa""nga maadhyamika vidyaalaya pyaa""na ku.tii.daaँ.daa, ilaama"	इलाम	100	[('इलाम', 100.0, 1), ('गुल्मी', 85.71428571428572, 25)]	Ilam
219	ज्योति प्राथमिक विधालय जोगमाई, इलाम	jyoti praathamika vidhaalaya jogamaaii, ilaama	इलाम	100	[('इलाम', 100.0, 1), ('गुल्मी', 85.71428571428572, 25)]	Ilam
220	माहेन्द्री उ॰ माध्यमिक विधालय, तनहुँ	maahendrii u॰ maadhyamika vidhaalaya, tanahuँ	तनहुँ	100	[('तनहुँ', 100.0, 38)]	Tanahun
221	अन्नपूर्ण माध्यमिक विद्यालय, गोरखा	annapuur.na maadhyamika vidyaalaya, gorakhaa	गोरखा	100	[('गोरखा', 100.0, 70), ('सुर्खेत', 75.0, 74)]	Gorkha
222	अमरकल्याण माध्यमिक विद्यालय, माईजाेगमाई, इलाम	amarakalyaa.na maadhyamika vidyaalaya, maaiijaaegamaaii, ilaama	इलाम	100	[('इलाम', 100.0, 1), ('गुल्मी', 85.71428571428572, 25)]	Ilam
223	कपिया उ॰ माध्यमिक विधालय, कुमरोज चितवन	kapiyaa u॰ maadhyamika vidhaalaya, kumaroja citavana	चितवन	100	[('चितवन', 100.0, 62)]	Chitwan
224	रत्नराज्य माध्यमिक विद्यालय, बानेश्वर, काठमाडौं	"ratnaraajya maadhyamika vidyaalaya, baane""svara, kaa.thamaa.dau.m"	काठमाडौं	100	[('काठमाडौं', 100.0, 4)]	Kathmandu
225	निरनजना प्रा वि	niranajanaa praa vi	पूर्व नवलपरासी	90.9090909090909	[('पूर्व नवलपरासी', 90.9090909090909, 39), ('रुकुम पूर्व', 90.9090909090909, 40), ('पर्सा', 75.0, 21)]	Eastern Nawalparasi
226	बीरेन्द्र उ॰ माध्यमिक विधालय कुमरी-३, नुवाकोट	biirendra u॰ maadhyamika vidhaalaya kumarii-3, nuvaako.ta	नुवाकोट	100	[('नुवाकोट', 100.0, 50), ('डोटी', 80.0, 7), ('कालीकोट', 76.92307692307692, 32)]	Nuwakot
227	अमृत आधारभूत विद्यालय, तनहुँ	am.rta aadhaarabhuuta vidyaalaya, tanahuँ	तनहुँ	100	[('तनहुँ', 100.0, 38)]	Tanahun
228	शान्तिपुर माध्यमिक विद्यालय शान्तिपुर, इलाम	"""saantipura maadhyamika vidyaalaya ""saantipura, ilaama"	इलाम	100	[('इलाम', 100.0, 1), ('गुल्मी', 85.71428571428572, 25)]	Ilam
229	कैलाश प्रा॰वि॰, इलाम	"kailaa""sa praa॰vi॰, ilaama"	इलाम	100	[('इलाम', 100.0, 1), ('गुल्मी', 85.71428571428572, 25)]	Ilam
230	चण्िडका प्रा वि, तनहु	ca.ni.dakaa praa vi, tanahu	तनहुँ	100	[('तनहुँ', 100.0, 38)]	Tanahun
231	इन्द्रदेवी नि मा वि, तनहु	indradevii ni maa vi, tanahu	तनहुँ	100	[('तनहुँ', 100.0, 38)]	Tanahun
232	रा प्रा वि दिवानगर, चितवन	raa praa vi divaanagara, citavana	चितवन	100	[('चितवन', 100.0, 62)]	Chitwan
233	कालिगंगा माध्यमिक विद्यालय, बैदी, तनहुँ	kaaliga.mgaa maadhyamika vidyaalaya, baidii, tanahuँ	तनहुँ	100	[('तनहुँ', 100.0, 38)]	Tanahun
234	अरुणोदय आधारभूत विद्यालय, शान्तिपुर, इलाम	"aru.nodaya aadhaarabhuuta vidyaalaya, ""saantipura, ilaama"	इलाम	100	[('इलाम', 100.0, 1), ('गुल्मी', 85.71428571428572, 25)]	Ilam
235	बालकेश माध्यमिक विद्यालय, देवघाट, तनहुँ	"baalake""sa maadhyamika vidyaalaya, devaghaa.ta, tanahuँ"	तनहुँ	100	[('तनहुँ', 100.0, 38)]	Tanahun
236	नारायण प्राथमिक विधालय, सिमलचौर तनहुँ	naaraaya.na praathamika vidhaalaya, simalacaura tanahuँ	तनहुँ	100	[('तनहुँ', 100.0, 38), ('रौतहट', 80.0, 47)]	Tanahun
237	अमर प्राथमिक विद्यालय, व्यास, तनहुँ	amara praathamika vidyaalaya, vyaasa, tanahuँ	तनहुँ	100	[('तनहुँ', 100.0, 38)]	Tanahun
238	भिमसुन आधारभूत विद्यालय सन्दकपुर, इलाम	bhimasuna aadhaarabhuuta vidyaalaya sandakapura, ilaama	इलाम	100	[('इलाम', 100.0, 1), ('गुल्मी', 85.71428571428572, 25)]	Ilam
239	शिवमाई माध्यमिक विधालय नयाँबजार -३ इलाम	"""sivamaaii maadhyamika vidhaalaya nayaaँbajaara -3 ilaama"	इलाम	100	[('इलाम', 100.0, 1), ('गुल्मी', 80.0, 25)]	Ilam
240	गुरुङगाउं प्रा॰वि, इलाम	"guru""nagaau.m praa॰vi, ilaama"	इलाम	100	[('इलाम', 100.0, 1), ('गुल्मी', 85.71428571428572, 25)]	Ilam
241	कन्काई माध्यमिक विद्यालय, इलाम	kankaaii maadhyamika vidyaalaya, ilaama	इलाम	100	[('इलाम', 100.0, 1), ('गुल्मी', 85.71428571428572, 25)]	Ilam
242	लालीगुराँस प्रा॰वि, खोटाङ	"laaliiguraaँsa praa॰vi, kho.taa""na"	खोटाङ	100	[('खोटाङ', 100.0, 36)]	Khotang
243	कमल प्रा वि, तनहु	kamala praa vi, tanahu	तनहुँ	100	[('तनहुँ', 100.0, 38)]	Tanahun
244	कृष्णालय आधारभूत विद्यालय, व्यास, तनहुँ	k.r.s.naalaya aadhaarabhuuta vidyaalaya, vyaasa, tanahuँ	तनहुँ	100	[('तनहुँ', 100.0, 38)]	Tanahun
245	प्रबोध माध्यमिक विद्यालय, माबु, इलाम	prabodha maadhyamika vidyaalaya, maabu, ilaama	इलाम	100	[('इलाम', 100.0, 1), ('गुल्मी', 85.71428571428572, 25)]	Ilam
246	जनज्योती आधारभूत विद्यालय जन्तेढुङ्गा गा॰पा॰, खोटाङ	"janajyotii aadhaarabhuuta vidyaalaya jante.dhu""ngaa gaa॰paa॰, kho.taa""na"	खोटाङ	100	[('खोटाङ', 100.0, 36)]	Khotang
247	कामधेनु मा वि, काठमाडौं	kaamadhenu maa vi, kaa.thamaa.dau.m	काठमाडौं	100	[('काठमाडौं', 100.0, 4)]	Kathmandu
248	आधारभूत विद्यालय, धनुषा	aadhaarabhuuta vidyaalaya, dhanu.saa	धनुषा	100	[('धनुषा', 100.0, 20), ('धनकुटा', 75.0, 44)]	Dhanusa
249	गोर्खा कालिका आधारभूत विद्यालय तनहुँ	gorkhaa kaalikaa aadhaarabhuuta vidyaalaya tanahuँ	तनहुँ	100	[('तनहुँ', 100.0, 38)]	Tanahun
250	कालिका आधारभूत विद्यालय देवघाट, चितवन	kaalikaa aadhaarabhuuta vidyaalaya devaghaa.ta, citavana	चितवन	100	[('चितवन', 100.0, 62)]	Chitwan
251	पार्वती आधारभूत विद्यालय रुपाकोट, खोटाङ	"paarvatii aadhaarabhuuta vidyaalaya rupaako.ta, kho.taa""na"	खोटाङ	100	[('खोटाङ', 100.0, 36)]	Khotang
252	माध्यमिक विधालय	maadhyamika vidhaalaya	मुगु	80	[('मुगु', 80.0, 41)]	Mugu
253	आदर्श शिक्षा माध्यमिक विद्यालय, तनहुँ	"aadar""sa ""sik.saa maadhyamika vidyaalaya, tanahuँ"	तनहुँ	100	[('तनहुँ', 100.0, 38)]	Tanahun
254	चन्र्दोदय प्रा वि, तनहु	canrdodaya praa vi, tanahu	तनहुँ	100	[('तनहुँ', 100.0, 38)]	Tanahun
255	पृथ्वी उ॰ माध्यमिक विधालय, खोटाङ	"p.rthvii u॰ maadhyamika vidhaalaya, kho.taa""na"	खोटाङ	100	[('खोटाङ', 100.0, 36)]	Khotang
256	महेन्द्रोदय माध्यमिक विद्यालय हलेसी, खोटाङ	"mahendrodaya maadhyamika vidyaalaya halesii, kho.taa""na"	खोटाङ	100	[('खोटाङ', 100.0, 36)]	Khotang
257	सरस्वती नि मा वि, खोटाङ	"sarasvatii ni maa vi, kho.taa""na"	खोटाङ	100	[('खोटाङ', 100.0, 36)]	Khotang
258	जन विकास प्रा॰वि, खोटाङ	"jana vikaasa praa॰vi, kho.taa""na"	खोटाङ	100	[('खोटाङ', 100.0, 36)]	Khotang
259	सरस्वती, खोटाङ	"sarasvatii, kho.taa""na"	खोटाङ	100	[('खोटाङ', 100.0, 36)]	Khotang
260	बौद्ध आधारभूत विद्यालय ऐसेलुखर्क गा॰पा॰, खोटाङ	"bauddha aadhaarabhuuta vidyaalaya aiselukharka gaa॰paa॰, kho.taa""na"	खोटाङ	100	[('खोटाङ', 100.0, 36)]	Khotang
261	देउराली उ॰ माध्यमिक विधालय, खोटाङ	"deuraalii u॰ maadhyamika vidhaalaya, kho.taa""na"	खोटाङ	100	[('खोटाङ', 100.0, 36)]	Khotang
262	जनता माध्यमिक विद्यालय सुखीपुर, सिरहा	janataa maadhyamika vidyaalaya sukhiipura, sirahaa	सिराहा	85.7142857142857	[('सिराहा', 85.71428571428572, 67), ('सुर्खेत', 85.71428571428572, 74)]	Siraha
263	सरस्वती प्राथमिक विद्यालय, शुक्लागण्डकी न॰पा॰, तनहुँ	"sarasvatii praathamika vidyaalaya, ""suklaaga.n.dakii na॰paa॰, tanahuँ"	तनहुँ	100	[('तनहुँ', 100.0, 38)]	Tanahun
264	शान्ति प्राथमिक विद्यालय बन्दीपुर, तनहुँ	"""saanti praathamika vidyaalaya bandiipura, tanahuँ"	तनहुँ	100	[('तनहुँ', 100.0, 38)]	Tanahun
265	कृष्ण उ॰ माध्यमिक विधालय, गजरकोट तनहुँ	k.r.s.na u॰ maadhyamika vidhaalaya, gajarako.ta tanahuँ	तनहुँ	100	[('तनहुँ', 100.0, 38), ('जाजरकोट', 76.92307692307692, 15)]	Tanahun
266	जन कल्याण्ा प्रा वि, मनाङ	"jana kalyaa.naa praa vi, manaa""na"	मनाङ	100	[('मनाङ', 100.0, 51), ('लमजुङ', 75.0, 5), ('मोरङ', 75.0, 57)]	Manang
267	घाटवेशी आधारभूत विद्यालय भिमसेन, गोरखा	"ghaa.tave""sii aadhaarabhuuta vidyaalaya bhimasena, gorakhaa"	गोरखा	100	[('गोरखा', 100.0, 70), ('सुर्खेत', 75.0, 74)]	Gorkha
268	शिखर ज्योति प्राथमिक विद्यालय, वयापानी हर्मी, गोरखा	"""sikhara jyoti praathamika vidyaalaya, vayaapaanii harmii, gorakhaa"	गोरखा	100	[('गोरखा', 100.0, 70), ('सुर्खेत', 75.0, 74)]	Gorkha
269	चण्डिका आधारभूत विद्यालय, वुङकोट, गाेरखा	"ca.n.dikaa aadhaarabhuuta vidyaalaya, vu""nako.ta, gaaerakhaa"	गोरखा	85.7142857142857	[('गोरखा', 85.71428571428572, 70), ('गुल्मी', 75.0, 25)]	Gorkha
270	अमर निम्न माध्यमिक विधालय तल्लो, तनहुँ	amara nimna maadhyamika vidhaalaya tallo, tanahuँ	तनहुँ	100	[('तनहुँ', 100.0, 38)]	Tanahun
271	शंकर प्राथमिक विद्यालय, व्यास, तनहुँ	"""sa.mkara praathamika vidyaalaya, vyaasa, tanahuँ"	तनहुँ	100	[('तनहुँ', 100.0, 38)]	Tanahun
272	नयाँ ज्योति प्राथमिक विद्यालय व्यास न॰पा॰, तनहुँ	nayaaँ jyoti praathamika vidyaalaya vyaasa na॰paa॰, tanahuँ	तनहुँ	100	[('तनहुँ', 100.0, 38)]	Tanahun
273	जलदेवी माध्यमिक विद्यालय, व्यास, तनहुँ	jaladevii maadhyamika vidyaalaya, vyaasa, tanahuँ	तनहुँ	100	[('तनहुँ', 100.0, 38)]	Tanahun
274	पेलुङ प्राथमिक विद्यालय निर्मलीडाँडा, खोटाङ	"pelu""na praathamika vidyaalaya nirmalii.daaँ.daa, kho.taa""na"	खोटाङ	100	[('खोटाङ', 100.0, 36)]	Khotang
275	जनता माध्यमिक विद्यालय हलेसी तुवाचुङ न॰पा॰, खाेटाङ	"janataa maadhyamika vidyaalaya halesii tuvaacu""na na॰paa॰, khaae.taa""na"	खोटाङ	88.8888888888889	[('खोटाङ', 88.88888888888889, 36)]	Khotang
276	महेन्द्र ज्योती माध्यमिक विद्यालय, शिशाघाट, तनहुँ	"mahendra jyotii maadhyamika vidyaalaya, ""si""saaghaa.ta, tanahuँ"	तनहुँ	100	[('तनहुँ', 100.0, 38)]	Tanahun
277	चण्डी निकेतन प्रा॰वि, खोटाङ	"ca.n.dii niketana praa॰vi, kho.taa""na"	खोटाङ	100	[('खोटाङ', 100.0, 36)]	Khotang
278	सासु निकेतन प्राथमिक विद्यालय, खामडाडा, याम्खा, खोटाङ	"saasu niketana praathamika vidyaalaya, khaama.daa.daa, yaamkhaa, kho.taa""na"	खोटाङ	100	[('खोटाङ', 100.0, 36)]	Khotang
279	नव ज्योति प्रा वि	nava jyoti praa vi	पूर्व नवलपरासी	90.9090909090909	[('पूर्व नवलपरासी', 90.9090909090909, 39), ('रुकुम पूर्व', 90.9090909090909, 40), ('पर्सा', 75.0, 21)]	Eastern Nawalparasi
